paper,topic,year,marks,question_text
GS1,"INDIAN CULTURE WILL COVER THE SALIENT ASPECTS OF ART FORMS, LITERATURE AND ARCHITECTURE FROM ANCIENT TO MODERN TIMES.",2025,10,Discuss the salient features of the Harappan architecture.
GS1,"INDIAN CULTURE WILL COVER THE SALIENT ASPECTS OF ART FORMS, LITERATURE AND ARCHITECTURE FROM ANCIENT TO MODERN TIMES.",2025,10,Examine the main aspects of Akbar’s religious syncretism.
GS1,"INDIAN CULTURE WILL COVER THE SALIENT ASPECTS OF ART FORMS, LITERATURE AND ARCHITECTURE FROM ANCIENT TO MODERN TIMES.",2025,10,‘The sculptors filled the Chandella artform with resilient vigor and breadth of life.’ Elucidate.
GS1,"INDIAN CULTURE WILL COVER THE SALIENT ASPECTS OF ART FORMS, LITERATURE AND ARCHITECTURE FROM ANCIENT TO MODERN TIMES.",2024,10,Underline the changes in the field of society and economy from the Rig Vedic to the later Vedic period.
GS1,"INDIAN CULTURE WILL COVER THE SALIENT ASPECTS OF ART FORMS, LITERATURE AND ARCHITECTURE FROM ANCIENT TO MODERN TIMES.",2024,10,Estimate the contribution of Pallavas of Kanchi for the development of art and literature of South India.
GS1,"INDIAN CULTURE WILL COVER THE SALIENT ASPECTS OF ART FORMS, LITERATURE AND ARCHITECTURE FROM ANCIENT TO MODERN TIMES.",2024,10,What were the events that led to Quit India Movement? Point out its results.
GS1,"INDIAN CULTURE WILL COVER THE SALIENT ASPECTS OF ART FORMS, LITERATURE AND ARCHITECTURE FROM ANCIENT TO MODERN TIMES.",2023,10,Explain the role of geographical factors towards the development of Ancient India.
GS1,"INDIAN CULTURE WILL COVER THE SALIENT ASPECTS OF ART FORMS, LITERATURE AND ARCHITECTURE FROM ANCIENT TO MODERN TIMES.",2023,15,What are the main features of Vedic society and religion? Do you think some of the features are still prevailing in Indian society?
GS1,"INDIAN CULTURE WILL COVER THE SALIENT ASPECTS OF ART FORMS, LITERATURE AND ARCHITECTURE FROM ANCIENT TO MODERN TIMES.",2023,15,What were the major technological changes introduced during the Sultanate period? How did those technological changes influence the Indian society?
GS1,"INDIAN CULTURE WILL COVER THE SALIENT ASPECTS OF ART FORMS, LITERATURE AND ARCHITECTURE FROM ANCIENT TO MODERN TIMES.",2022,10,How will you explain the medieval Indian temple sculptures represent the social life of those days?
GS1,"INDIAN CULTURE WILL COVER THE SALIENT ASPECTS OF ART FORMS, LITERATURE AND ARCHITECTURE FROM ANCIENT TO MODERN TIMES.",2022,15,Discuss the main contributions of Gupta period and Chola period to Indian heritage and culture.
GS1,"INDIAN CULTURE WILL COVER THE SALIENT ASPECTS OF ART FORMS, LITERATURE AND ARCHITECTURE FROM ANCIENT TO MODERN TIMES.",2022,15,"Discuss the significance of the lion and bull figures in Indian mythology, art and architecture."
GS1,"INDIAN CULTURE WILL COVER THE SALIENT ASPECTS OF ART FORMS, LITERATURE AND ARCHITECTURE FROM ANCIENT TO MODERN TIMES.",2021,,Evaluate the nature of the Bhakti Literature and its contribution to Indian culture.
GS1,"INDIAN CULTURE WILL COVER THE SALIENT ASPECTS OF ART FORMS, LITERATURE AND ARCHITECTURE FROM ANCIENT TO MODERN TIMES.",2020,,Indian Philosophy and tradition played a significant role in conceiving and shaping the monuments and their art in India. Discuss.
GS1,"INDIAN CULTURE WILL COVER THE SALIENT ASPECTS OF ART FORMS, LITERATURE AND ARCHITECTURE FROM ANCIENT TO MODERN TIMES.",2020,,Persian literary sources of medieval India reflect the spirit of the age. Comment
GS1,"INDIAN CULTURE WILL COVER THE SALIENT ASPECTS OF ART FORMS, LITERATURE AND ARCHITECTURE FROM ANCIENT TO MODERN TIMES.",2020,,The rock-cut architecture represents one of the most important sources of our knowledge of early Indian art and history. Discuss.
GS1,"INDIAN CULTURE WILL COVER THE SALIENT ASPECTS OF ART FORMS, LITERATURE AND ARCHITECTURE FROM ANCIENT TO MODERN TIMES.",2020,,Pala period is the most significant phase in the history of Buddhism in India. Enumerate.
GS1,"INDIAN CULTURE WILL COVER THE SALIENT ASPECTS OF ART FORMS, LITERATURE AND ARCHITECTURE FROM ANCIENT TO MODERN TIMES.",2019,,Highlight the Central Asian and Greco -Bactrian elements in Gandhara art.
GS1,"INDIAN CULTURE WILL COVER THE SALIENT ASPECTS OF ART FORMS, LITERATURE AND ARCHITECTURE FROM ANCIENT TO MODERN TIMES.",2018,,Safeguarding the Indian art heritage is the need of the moment. Discuss
GS1,"INDIAN CULTURE WILL COVER THE SALIENT ASPECTS OF ART FORMS, LITERATURE AND ARCHITECTURE FROM ANCIENT TO MODERN TIMES.",2018,,Assess the importance of the accounts of the Chinese and Arab travelers in the reconstruction of the history of India.
GS1,"INDIAN CULTURE WILL COVER THE SALIENT ASPECTS OF ART FORMS, LITERATURE AND ARCHITECTURE FROM ANCIENT TO MODERN TIMES.",2018,,The Bhakti movement received a remarkable re-orientation with the advent of Sri Chaitanya Mahaprabhu. Discuss.
GS1,"INDIAN CULTURE WILL COVER THE SALIENT ASPECTS OF ART FORMS, LITERATURE AND ARCHITECTURE FROM ANCIENT TO MODERN TIMES.",2017,,How do you justify the view that the level of excellence of Gupta numismatic art is not at all noticeable in later times?
GS1,"INDIAN CULTURE WILL COVER THE SALIENT ASPECTS OF ART FORMS, LITERATURE AND ARCHITECTURE FROM ANCIENT TO MODERN TIMES.",2016,,"Early Buddhist Stupa-art, while depicting folk motifs and narratives successfully expounds Buddhist ideals. Elucidate."
GS1,"INDIAN CULTURE WILL COVER THE SALIENT ASPECTS OF ART FORMS, LITERATURE AND ARCHITECTURE FROM ANCIENT TO MODERN TIMES.",2016,,"Krishnadeva Raya, the King of Vijayanagar, was not only an accomplished scholar himself but was also a great patron of learning and literature. Discuss."
GS1,"INDIAN CULTURE WILL COVER THE SALIENT ASPECTS OF ART FORMS, LITERATURE AND ARCHITECTURE FROM ANCIENT TO MODERN TIMES.",2015,,"The ancient civilization in Indian sub-continent differed from those of Egypt, Mesopotamia and Greece in that its culture and traditions have been preserved without a breakdown to the present day. Comment."
GS1,"INDIAN CULTURE WILL COVER THE SALIENT ASPECTS OF ART FORMS, LITERATURE AND ARCHITECTURE FROM ANCIENT TO MODERN TIMES.",2015,,Mesolithic rock cut architecture of India not only reflects the cultural life of the times but also a tine aesthetic sense comparable to modem painting. Critically evaluate this comment.
GS1,"INDIAN CULTURE WILL COVER THE SALIENT ASPECTS OF ART FORMS, LITERATURE AND ARCHITECTURE FROM ANCIENT TO MODERN TIMES.",2014,,To what extent has the urban planning and culture of the Indus Valley Civilization provided inputs to the present-day urbanization? Discuss.
GS1,"INDIAN CULTURE WILL COVER THE SALIENT ASPECTS OF ART FORMS, LITERATURE AND ARCHITECTURE FROM ANCIENT TO MODERN TIMES.",2014,,Gandhara sculpture owed as much to the Romans as to the Greeks. Explain.
GS1,"INDIAN CULTURE WILL COVER THE SALIENT ASPECTS OF ART FORMS, LITERATURE AND ARCHITECTURE FROM ANCIENT TO MODERN TIMES.",2014,,"Taxila university was one of the oldest universities of the world with which were associated a number of renowned learned personalities of different disciplines. Its strategic location caused its fame to flourish, but unlike Nalanda, it is not considered as a university in the modern sense. Discuss."
GS1,"INDIAN CULTURE WILL COVER THE SALIENT ASPECTS OF ART FORMS, LITERATURE AND ARCHITECTURE FROM ANCIENT TO MODERN TIMES.",2014,,Sufis and medieval mystic saints failed to modify either the religious ideas and practices or the outward structure of Hindu / Muslim societies to any appreciable extent. Comment.
GS1,"INDIAN CULTURE WILL COVER THE SALIENT ASPECTS OF ART FORMS, LITERATURE AND ARCHITECTURE FROM ANCIENT TO MODERN TIMES.",2013,,"Though not very useful from the point of view of a connected political history of South India, the Sangam literature portrays the social and economic conditions of its time with remarkable vividness. Comment."
GS1,"INDIAN CULTURE WILL COVER THE SALIENT ASPECTS OF ART FORMS, LITERATURE AND ARCHITECTURE FROM ANCIENT TO MODERN TIMES.",2013,,Discuss the Tandava dance as recorded in the early Indian inscriptions.
GS1,"INDIAN CULTURE WILL COVER THE SALIENT ASPECTS OF ART FORMS, LITERATURE AND ARCHITECTURE FROM ANCIENT TO MODERN TIMES.",2013,,Chola architecture represents a high watermark in the evolution of temple architecture. Discuss.
GS1,"MODERN INDIAN HISTORY FROM ABOUT THE MIDDLE OF THE EIGHTEENTH CENTURY UNTIL THE PRESENT- SIGNIFICANT EVENTS, PERSONALITIES, ISSUES; THE FREEDOM STRUGGLE – ITS VARIOUS STAGES AND IMPORTANT CONTRIBUTORS / CONTRIBUTIONS FROM DIFFERENT PARTS OF THE COUNTRY.",2025,,Mahatma Jotirao Phule’s writings and efforts of social reforms touched issues of almost all subaltern classes. Discuss.
GS1,"MODERN INDIAN HISTORY FROM ABOUT THE MIDDLE OF THE EIGHTEENTH CENTURY UNTIL THE PRESENT- SIGNIFICANT EVENTS, PERSONALITIES, ISSUES; THE FREEDOM STRUGGLE – ITS VARIOUS STAGES AND IMPORTANT CONTRIBUTORS / CONTRIBUTIONS FROM DIFFERENT PARTS OF THE COUNTRY.",2025,,The ethos of civil service in India stand for the combination of professionalism with nationalistic consciousness – Elucidate.
GS1,"MODERN INDIAN HISTORY FROM ABOUT THE MIDDLE OF THE EIGHTEENTH CENTURY UNTIL THE PRESENT- SIGNIFICANT EVENTS, PERSONALITIES, ISSUES; THE FREEDOM STRUGGLE – ITS VARIOUS STAGES AND IMPORTANT CONTRIBUTORS / CONTRIBUTIONS FROM DIFFERENT PARTS OF THE COUNTRY.",2023,10,What was the difference between Mahatma Gandhi and Rabindranath Tagore in their approach towards education and nationalism?
GS1,"MODERN INDIAN HISTORY FROM ABOUT THE MIDDLE OF THE EIGHTEENTH CENTURY UNTIL THE PRESENT- SIGNIFICANT EVENTS, PERSONALITIES, ISSUES; THE FREEDOM STRUGGLE – ITS VARIOUS STAGES AND IMPORTANT CONTRIBUTORS / CONTRIBUTIONS FROM DIFFERENT PARTS OF THE COUNTRY.",2023,15,How did the colonial rule affect the tribals in India and what was the tribal response to the colonial oppression?
GS1,"MODERN INDIAN HISTORY FROM ABOUT THE MIDDLE OF THE EIGHTEENTH CENTURY UNTIL THE PRESENT- SIGNIFICANT EVENTS, PERSONALITIES, ISSUES; THE FREEDOM STRUGGLE – ITS VARIOUS STAGES AND IMPORTANT CONTRIBUTORS / CONTRIBUTIONS FROM DIFFERENT PARTS OF THE COUNTRY.",2022,10,Why was there a sudden spurt in famines in colonial India since the mid-eighteenth century? Give reasons.
GS1,"MODERN INDIAN HISTORY FROM ABOUT THE MIDDLE OF THE EIGHTEENTH CENTURY UNTIL THE PRESENT- SIGNIFICANT EVENTS, PERSONALITIES, ISSUES; THE FREEDOM STRUGGLE – ITS VARIOUS STAGES AND IMPORTANT CONTRIBUTORS / CONTRIBUTIONS FROM DIFFERENT PARTS OF THE COUNTRY.",2021,,To what extent did the role of the moderates prepare a base for the wider freedom movement? Comment.
GS1,"MODERN INDIAN HISTORY FROM ABOUT THE MIDDLE OF THE EIGHTEENTH CENTURY UNTIL THE PRESENT- SIGNIFICANT EVENTS, PERSONALITIES, ISSUES; THE FREEDOM STRUGGLE – ITS VARIOUS STAGES AND IMPORTANT CONTRIBUTORS / CONTRIBUTIONS FROM DIFFERENT PARTS OF THE COUNTRY.",2021,,Bring out the constructive programmes of Mahatma Gandhi during NonCooperation Movement and Civil Disobedience Movement.
GS1,"MODERN INDIAN HISTORY FROM ABOUT THE MIDDLE OF THE EIGHTEENTH CENTURY UNTIL THE PRESENT- SIGNIFICANT EVENTS, PERSONALITIES, ISSUES; THE FREEDOM STRUGGLE – ITS VARIOUS STAGES AND IMPORTANT CONTRIBUTORS / CONTRIBUTIONS FROM DIFFERENT PARTS OF THE COUNTRY.",2020,,Evaluate the policies of Lord Curzon and their long-term implications on the national movements.
GS1,"MODERN INDIAN HISTORY FROM ABOUT THE MIDDLE OF THE EIGHTEENTH CENTURY UNTIL THE PRESENT- SIGNIFICANT EVENTS, PERSONALITIES, ISSUES; THE FREEDOM STRUGGLE – ITS VARIOUS STAGES AND IMPORTANT CONTRIBUTORS / CONTRIBUTIONS FROM DIFFERENT PARTS OF THE COUNTRY.",2020,,"Since the decade of the 1920s, the national movement acquired various ideological strands and thereby expanded its social base. Discuss."
GS1,"MODERN INDIAN HISTORY FROM ABOUT THE MIDDLE OF THE EIGHTEENTH CENTURY UNTIL THE PRESENT- SIGNIFICANT EVENTS, PERSONALITIES, ISSUES; THE FREEDOM STRUGGLE – ITS VARIOUS STAGES AND IMPORTANT CONTRIBUTORS / CONTRIBUTIONS FROM DIFFERENT PARTS OF THE COUNTRY.",2019,,The 1857 Uprising was the culmination the recurrent big and small local rebellions that had occurred in the preceding hundred years of British rule. Elucidate.
GS1,"MODERN INDIAN HISTORY FROM ABOUT THE MIDDLE OF THE EIGHTEENTH CENTURY UNTIL THE PRESENT- SIGNIFICANT EVENTS, PERSONALITIES, ISSUES; THE FREEDOM STRUGGLE – ITS VARIOUS STAGES AND IMPORTANT CONTRIBUTORS / CONTRIBUTIONS FROM DIFFERENT PARTS OF THE COUNTRY.",2019,,Examine the linkages between 19th centuries ‘Indian Renaissance’ and the emergence of national identity.
GS1,"MODERN INDIAN HISTORY FROM ABOUT THE MIDDLE OF THE EIGHTEENTH CENTURY UNTIL THE PRESENT- SIGNIFICANT EVENTS, PERSONALITIES, ISSUES; THE FREEDOM STRUGGLE – ITS VARIOUS STAGES AND IMPORTANT CONTRIBUTORS / CONTRIBUTIONS FROM DIFFERENT PARTS OF THE COUNTRY.",2019,,Many voices had strengthened and enriched the nationalist movement during the Gandhian phase. Elaborate.
GS1,"MODERN INDIAN HISTORY FROM ABOUT THE MIDDLE OF THE EIGHTEENTH CENTURY UNTIL THE PRESENT- SIGNIFICANT EVENTS, PERSONALITIES, ISSUES; THE FREEDOM STRUGGLE – ITS VARIOUS STAGES AND IMPORTANT CONTRIBUTORS / CONTRIBUTIONS FROM DIFFERENT PARTS OF THE COUNTRY.",2019,,Assess the role of British imperial power in complicating the process of transfer of power during the 1940s.
GS1,"MODERN INDIAN HISTORY FROM ABOUT THE MIDDLE OF THE EIGHTEENTH CENTURY UNTIL THE PRESENT- SIGNIFICANT EVENTS, PERSONALITIES, ISSUES; THE FREEDOM STRUGGLE – ITS VARIOUS STAGES AND IMPORTANT CONTRIBUTORS / CONTRIBUTIONS FROM DIFFERENT PARTS OF THE COUNTRY.",2018,,Throw light on the significance of the thoughts of Mahatma Gandhi in the present times.
GS1,"MODERN INDIAN HISTORY FROM ABOUT THE MIDDLE OF THE EIGHTEENTH CENTURY UNTIL THE PRESENT- SIGNIFICANT EVENTS, PERSONALITIES, ISSUES; THE FREEDOM STRUGGLE – ITS VARIOUS STAGES AND IMPORTANT CONTRIBUTORS / CONTRIBUTIONS FROM DIFFERENT PARTS OF THE COUNTRY.",2017,,Clarify how mid-eighteenth-century India was beset with the spectre of a fragmented polity.
GS1,"MODERN INDIAN HISTORY FROM ABOUT THE MIDDLE OF THE EIGHTEENTH CENTURY UNTIL THE PRESENT- SIGNIFICANT EVENTS, PERSONALITIES, ISSUES; THE FREEDOM STRUGGLE – ITS VARIOUS STAGES AND IMPORTANT CONTRIBUTORS / CONTRIBUTIONS FROM DIFFERENT PARTS OF THE COUNTRY.",2017,,Why did the ‘Moderates’ fail to carry conviction with the nation about their proclaimed ideology and political goals by the end of the nineteenth century?
GS1,"MODERN INDIAN HISTORY FROM ABOUT THE MIDDLE OF THE EIGHTEENTH CENTURY UNTIL THE PRESENT- SIGNIFICANT EVENTS, PERSONALITIES, ISSUES; THE FREEDOM STRUGGLE – ITS VARIOUS STAGES AND IMPORTANT CONTRIBUTORS / CONTRIBUTIONS FROM DIFFERENT PARTS OF THE COUNTRY.",2017,,Examine how the decline of traditional artisanal industry in colonial India crippled the rural economy.
GS1,"MODERN INDIAN HISTORY FROM ABOUT THE MIDDLE OF THE EIGHTEENTH CENTURY UNTIL THE PRESENT- SIGNIFICANT EVENTS, PERSONALITIES, ISSUES; THE FREEDOM STRUGGLE – ITS VARIOUS STAGES AND IMPORTANT CONTRIBUTORS / CONTRIBUTIONS FROM DIFFERENT PARTS OF THE COUNTRY.",2017,,The women’s questions arose in modern India as a part of the 19th century social reform movement. What were the major issues and debates concerning women in that period?
GS1,"MODERN INDIAN HISTORY FROM ABOUT THE MIDDLE OF THE EIGHTEENTH CENTURY UNTIL THE PRESENT- SIGNIFICANT EVENTS, PERSONALITIES, ISSUES; THE FREEDOM STRUGGLE – ITS VARIOUS STAGES AND IMPORTANT CONTRIBUTORS / CONTRIBUTIONS FROM DIFFERENT PARTS OF THE COUNTRY.",2017,,Highlight the importance of the new objectives that got added to the vision of Indian independence since twenties of the last century.
GS1,"MODERN INDIAN HISTORY FROM ABOUT THE MIDDLE OF THE EIGHTEENTH CENTURY UNTIL THE PRESENT- SIGNIFICANT EVENTS, PERSONALITIES, ISSUES; THE FREEDOM STRUGGLE – ITS VARIOUS STAGES AND IMPORTANT CONTRIBUTORS / CONTRIBUTIONS FROM DIFFERENT PARTS OF THE COUNTRY.",2016,,Explain how the Uprising of 1857 constitutes an important watershed in the evolution of British policies towards colonial India.
GS1,"MODERN INDIAN HISTORY FROM ABOUT THE MIDDLE OF THE EIGHTEENTH CENTURY UNTIL THE PRESENT- SIGNIFICANT EVENTS, PERSONALITIES, ISSUES; THE FREEDOM STRUGGLE – ITS VARIOUS STAGES AND IMPORTANT CONTRIBUTORS / CONTRIBUTIONS FROM DIFFERENT PARTS OF THE COUNTRY.",2016,,Discuss the role of women in the freedom struggle especially during the Gandhian phase.
GS1,"MODERN INDIAN HISTORY FROM ABOUT THE MIDDLE OF THE EIGHTEENTH CENTURY UNTIL THE PRESENT- SIGNIFICANT EVENTS, PERSONALITIES, ISSUES; THE FREEDOM STRUGGLE – ITS VARIOUS STAGES AND IMPORTANT CONTRIBUTORS / CONTRIBUTIONS FROM DIFFERENT PARTS OF THE COUNTRY.",2016,,Highlight the differences in the approach of Subhash Chandra Bose and Mahatma Gandhi in the struggle for freedom.
GS1,"MODERN INDIAN HISTORY FROM ABOUT THE MIDDLE OF THE EIGHTEENTH CENTURY UNTIL THE PRESENT- SIGNIFICANT EVENTS, PERSONALITIES, ISSUES; THE FREEDOM STRUGGLE – ITS VARIOUS STAGES AND IMPORTANT CONTRIBUTORS / CONTRIBUTIONS FROM DIFFERENT PARTS OF THE COUNTRY.",2015,,How different would have been the achievement of Indian independence without Mahatma Gandhi? Discuss.
GS1,"MODERN INDIAN HISTORY FROM ABOUT THE MIDDLE OF THE EIGHTEENTH CENTURY UNTIL THE PRESENT- SIGNIFICANT EVENTS, PERSONALITIES, ISSUES; THE FREEDOM STRUGGLE – ITS VARIOUS STAGES AND IMPORTANT CONTRIBUTORS / CONTRIBUTIONS FROM DIFFERENT PARTS OF THE COUNTRY.",2015,,"It would have been difficult for the Constituent Assembly to complete its historic task of drafting the Constitution for Independent India in just three years but for the experience gained with the Government of India Act, 1935. Discuss."
GS1,"MODERN INDIAN HISTORY FROM ABOUT THE MIDDLE OF THE EIGHTEENTH CENTURY UNTIL THE PRESENT- SIGNIFICANT EVENTS, PERSONALITIES, ISSUES; THE FREEDOM STRUGGLE – ITS VARIOUS STAGES AND IMPORTANT CONTRIBUTORS / CONTRIBUTIONS FROM DIFFERENT PARTS OF THE COUNTRY.",2014,,The third battle of Panipat was fought in 1761. Why were so many empireshaking battles fought at Panipat?
GS1,"MODERN INDIAN HISTORY FROM ABOUT THE MIDDLE OF THE EIGHTEENTH CENTURY UNTIL THE PRESENT- SIGNIFICANT EVENTS, PERSONALITIES, ISSUES; THE FREEDOM STRUGGLE – ITS VARIOUS STAGES AND IMPORTANT CONTRIBUTORS / CONTRIBUTIONS FROM DIFFERENT PARTS OF THE COUNTRY.",2014,,Examine critically the various facets of economic policies of the British in India from mid-eighteenth century till independence.
GS1,"MODERN INDIAN HISTORY FROM ABOUT THE MIDDLE OF THE EIGHTEENTH CENTURY UNTIL THE PRESENT- SIGNIFICANT EVENTS, PERSONALITIES, ISSUES; THE FREEDOM STRUGGLE – ITS VARIOUS STAGES AND IMPORTANT CONTRIBUTORS / CONTRIBUTIONS FROM DIFFERENT PARTS OF THE COUNTRY.",2014,,In what ways did the naval mutiny prove to be the last nail in the coffin of British colonial aspirations in India?
GS1,"MODERN INDIAN HISTORY FROM ABOUT THE MIDDLE OF THE EIGHTEENTH CENTURY UNTIL THE PRESENT- SIGNIFICANT EVENTS, PERSONALITIES, ISSUES; THE FREEDOM STRUGGLE – ITS VARIOUS STAGES AND IMPORTANT CONTRIBUTORS / CONTRIBUTIONS FROM DIFFERENT PARTS OF THE COUNTRY.",2013,,"Defying the barriers of age, gender and religion, the Indian women became the torch bearer during the struggle for freedom in India. Discuss."
GS1,"MODERN INDIAN HISTORY FROM ABOUT THE MIDDLE OF THE EIGHTEENTH CENTURY UNTIL THE PRESENT- SIGNIFICANT EVENTS, PERSONALITIES, ISSUES; THE FREEDOM STRUGGLE – ITS VARIOUS STAGES AND IMPORTANT CONTRIBUTORS / CONTRIBUTIONS FROM DIFFERENT PARTS OF THE COUNTRY.",2013,,Several foreigners made India their homeland and participated in various movements. Analyze their role in the Indian struggle for freedom.
GS1,"MODERN INDIAN HISTORY FROM ABOUT THE MIDDLE OF THE EIGHTEENTH CENTURY UNTIL THE PRESENT- SIGNIFICANT EVENTS, PERSONALITIES, ISSUES; THE FREEDOM STRUGGLE – ITS VARIOUS STAGES AND IMPORTANT CONTRIBUTORS / CONTRIBUTIONS FROM DIFFERENT PARTS OF THE COUNTRY.",2013,,"In many ways, Lord Dalhousie was the founder of modern India. Elaborate."
GS1,POST-INDEPENDENCE CONSOLIDATION AND REORGANIZATION WITHIN THE COUNTRY.,2025,,"Trace India’s consolidation process during early phase of independence in terms of polity, economy, education and international relations."
GS1,POST-INDEPENDENCE CONSOLIDATION AND REORGANIZATION WITHIN THE COUNTRY.,2022,15,The political and administrative reorganization of states and territories has been a continuous ongoing process since the mid-nineteenth century. Discuss with examples.
GS1,POST-INDEPENDENCE CONSOLIDATION AND REORGANIZATION WITHIN THE COUNTRY.,2013,,Critically discuss the objectives of Bhoodan and Gramdan movements initiated by Acharya Vinoba Bhave and their success.
GS1,POST-INDEPENDENCE CONSOLIDATION AND REORGANIZATION WITHIN THE COUNTRY.,2013,,Write a critical note on the evolution and significance of the slogan “Jai Jawana Jai Kisan”.
GS1,POST-INDEPENDENCE CONSOLIDATION AND REORGANIZATION WITHIN THE COUNTRY.,2013,,Discuss the contribution of Maulana Abul Kalam Azad to pre-and post-independent India.
GS1,POST-INDEPENDENCE CONSOLIDATION AND REORGANIZATION WITHIN THE COUNTRY.,2013,,Analyze the circumstances that led to Tashkent Agreement in 1966. Discuss the highlights of the agreement.
GS1,POST-INDEPENDENCE CONSOLIDATION AND REORGANIZATION WITHIN THE COUNTRY.,2013,,Critically examine the compulsions which prompted India to play a decisive roles in the emergence of Bangladesh.
GS1,POST-INDEPENDENCE CONSOLIDATION AND REORGANIZATION WITHIN THE COUNTRY.,,,Assess the main administrative issues and socio-cultural problems in the integration process of Indian Princely States.
GS1,"HISTORY OF THE WORLD WILL INCLUDE EVENTS FROM 18TH CENTURY SUCH AS INDUSTRIAL REVOLUTION, WORLD WARS, REDRAW OF NATIONAL BOUNDARIES, COLONIZATION, DECOLONIZATION, POLITICAL PHILOSOPHIES LIKE COMMUNISM, CAPITALISM, SOCIALISM ETC.- THEIR FORMS AND EFFECT ON THE SOCIETY.",2025,,The French Revolution has enduring relevance to the contemporary world. Explain.
GS1,"HISTORY OF THE WORLD WILL INCLUDE EVENTS FROM 18TH CENTURY SUCH AS INDUSTRIAL REVOLUTION, WORLD WARS, REDRAW OF NATIONAL BOUNDARIES, COLONIZATION, DECOLONIZATION, POLITICAL PHILOSOPHIES LIKE COMMUNISM, CAPITALISM, SOCIALISM ETC.- THEIR FORMS AND EFFECT ON THE SOCIETY.",2023,10,Bring out the socio-economic effects of the introduction of railways in different countries of the world.
GS1,"HISTORY OF THE WORLD WILL INCLUDE EVENTS FROM 18TH CENTURY SUCH AS INDUSTRIAL REVOLUTION, WORLD WARS, REDRAW OF NATIONAL BOUNDARIES, COLONIZATION, DECOLONIZATION, POLITICAL PHILOSOPHIES LIKE COMMUNISM, CAPITALISM, SOCIALISM ETC.- THEIR FORMS AND EFFECT ON THE SOCIETY.",2019,,Explain how the foundations of the modern world were laid by the American and French revolution.
GS1,"HISTORY OF THE WORLD WILL INCLUDE EVENTS FROM 18TH CENTURY SUCH AS INDUSTRIAL REVOLUTION, WORLD WARS, REDRAW OF NATIONAL BOUNDARIES, COLONIZATION, DECOLONIZATION, POLITICAL PHILOSOPHIES LIKE COMMUNISM, CAPITALISM, SOCIALISM ETC.- THEIR FORMS AND EFFECT ON THE SOCIETY.",,,Why indentured labour was taken by the British from India to other colonies? Have they been able to preserve their cultural identity over there?
GS1,"HISTORY OF THE WORLD WILL INCLUDE EVENTS FROM 18TH CENTURY SUCH AS INDUSTRIAL REVOLUTION, WORLD WARS, REDRAW OF NATIONAL BOUNDARIES, COLONIZATION, DECOLONIZATION, POLITICAL PHILOSOPHIES LIKE COMMUNISM, CAPITALISM, SOCIALISM ETC.- THEIR FORMS AND EFFECT ON THE SOCIETY.",2017,,What problems were germane to the decolonization process of Malay Peninsula.
GS1,"HISTORY OF THE WORLD WILL INCLUDE EVENTS FROM 18TH CENTURY SUCH AS INDUSTRIAL REVOLUTION, WORLD WARS, REDRAW OF NATIONAL BOUNDARIES, COLONIZATION, DECOLONIZATION, POLITICAL PHILOSOPHIES LIKE COMMUNISM, CAPITALISM, SOCIALISM ETC.- THEIR FORMS AND EFFECT ON THE SOCIETY.",2016,,The anti-colonial struggles in West Africa were led by the new elite of Western educated Africans. Examine.
GS1,"HISTORY OF THE WORLD WILL INCLUDE EVENTS FROM 18TH CENTURY SUCH AS INDUSTRIAL REVOLUTION, WORLD WARS, REDRAW OF NATIONAL BOUNDARIES, COLONIZATION, DECOLONIZATION, POLITICAL PHILOSOPHIES LIKE COMMUNISM, CAPITALISM, SOCIALISM ETC.- THEIR FORMS AND EFFECT ON THE SOCIETY.",2015,,Why did the industrial revolution first occur in England? Discuss the quality of life of the people there during the industrialization. How does it compare with that in India at present?
GS1,"HISTORY OF THE WORLD WILL INCLUDE EVENTS FROM 18TH CENTURY SUCH AS INDUSTRIAL REVOLUTION, WORLD WARS, REDRAW OF NATIONAL BOUNDARIES, COLONIZATION, DECOLONIZATION, POLITICAL PHILOSOPHIES LIKE COMMUNISM, CAPITALISM, SOCIALISM ETC.- THEIR FORMS AND EFFECT ON THE SOCIETY.",2015,,To what extent can Germany be held responsible for causing the two World Wars? Discuss critically.
GS1,"HISTORY OF THE WORLD WILL INCLUDE EVENTS FROM 18TH CENTURY SUCH AS INDUSTRIAL REVOLUTION, WORLD WARS, REDRAW OF NATIONAL BOUNDARIES, COLONIZATION, DECOLONIZATION, POLITICAL PHILOSOPHIES LIKE COMMUNISM, CAPITALISM, SOCIALISM ETC.- THEIR FORMS AND EFFECT ON THE SOCIETY.",2014,,"What were the major political, economic and social developments in the world which motivated the anti-colonial struggle in India?"
GS1,"HISTORY OF THE WORLD WILL INCLUDE EVENTS FROM 18TH CENTURY SUCH AS INDUSTRIAL REVOLUTION, WORLD WARS, REDRAW OF NATIONAL BOUNDARIES, COLONIZATION, DECOLONIZATION, POLITICAL PHILOSOPHIES LIKE COMMUNISM, CAPITALISM, SOCIALISM ETC.- THEIR FORMS AND EFFECT ON THE SOCIETY.",2014,,What were the events that led to the Suez Crisis in 1956? How did it deal a final blow to Britain’s self-image as a world power?
GS1,"HISTORY OF THE WORLD WILL INCLUDE EVENTS FROM 18TH CENTURY SUCH AS INDUSTRIAL REVOLUTION, WORLD WARS, REDRAW OF NATIONAL BOUNDARIES, COLONIZATION, DECOLONIZATION, POLITICAL PHILOSOPHIES LIKE COMMUNISM, CAPITALISM, SOCIALISM ETC.- THEIR FORMS AND EFFECT ON THE SOCIETY.",2014,,The New Economic Policy – 1921 of Lenin had influenced the policies adopted by India soon after independence. Evaluate.
GS1,"HISTORY OF THE WORLD WILL INCLUDE EVENTS FROM 18TH CENTURY SUCH AS INDUSTRIAL REVOLUTION, WORLD WARS, REDRAW OF NATIONAL BOUNDARIES, COLONIZATION, DECOLONIZATION, POLITICAL PHILOSOPHIES LIKE COMMUNISM, CAPITALISM, SOCIALISM ETC.- THEIR FORMS AND EFFECT ON THE SOCIETY.",2013,,“Latecomer” Industrial revolution in Japan involved certain factors that were markedly different from what west had experience.
GS1,"HISTORY OF THE WORLD WILL INCLUDE EVENTS FROM 18TH CENTURY SUCH AS INDUSTRIAL REVOLUTION, WORLD WARS, REDRAW OF NATIONAL BOUNDARIES, COLONIZATION, DECOLONIZATION, POLITICAL PHILOSOPHIES LIKE COMMUNISM, CAPITALISM, SOCIALISM ETC.- THEIR FORMS AND EFFECT ON THE SOCIETY.",2013,,Africa was chopped into states artificially created by accident of European competition. Analyze.
GS1,"HISTORY OF THE WORLD WILL INCLUDE EVENTS FROM 18TH CENTURY SUCH AS INDUSTRIAL REVOLUTION, WORLD WARS, REDRAW OF NATIONAL BOUNDARIES, COLONIZATION, DECOLONIZATION, POLITICAL PHILOSOPHIES LIKE COMMUNISM, CAPITALISM, SOCIALISM ETC.- THEIR FORMS AND EFFECT ON THE SOCIETY.",2013,,American Revolution was an economic revolt against mercantilism. Substantiate.
GS1,"HISTORY OF THE WORLD WILL INCLUDE EVENTS FROM 18TH CENTURY SUCH AS INDUSTRIAL REVOLUTION, WORLD WARS, REDRAW OF NATIONAL BOUNDARIES, COLONIZATION, DECOLONIZATION, POLITICAL PHILOSOPHIES LIKE COMMUNISM, CAPITALISM, SOCIALISM ETC.- THEIR FORMS AND EFFECT ON THE SOCIETY.",2013,,What policy instruments were deployed to contain the great economic depression?
GS1,"HISTORY OF THE WORLD WILL INCLUDE EVENTS FROM 18TH CENTURY SUCH AS INDUSTRIAL REVOLUTION, WORLD WARS, REDRAW OF NATIONAL BOUNDARIES, COLONIZATION, DECOLONIZATION, POLITICAL PHILOSOPHIES LIKE COMMUNISM, CAPITALISM, SOCIALISM ETC.- THEIR FORMS AND EFFECT ON THE SOCIETY.",2013,,There arose a serious challenge to the Democratic State System between the two World Wars. Evaluate the statement.
GS1,"COMMUNALISM, REGIONALISM, SECULARISM; SOCIAL EMPOWERMENT; SALIENT FEATURES OF INDIAN SOCIETY; DIVERSITY OF INDIA.",2025,,How do you account for the growing fast food industries given that there are increased health concerns in modern society? Illustrate your answer with the Indian experience.
GS1,"COMMUNALISM, REGIONALISM, SECULARISM; SOCIAL EMPOWERMENT; SALIENT FEATURES OF INDIAN SOCIETY; DIVERSITY OF INDIA.",2023,10,Do you think marriage as a sacrament in losing its value in Modern India?
GS1,"COMMUNALISM, REGIONALISM, SECULARISM; SOCIAL EMPOWERMENT; SALIENT FEATURES OF INDIAN SOCIETY; DIVERSITY OF INDIA.",2023,10,Explain why suicide among young women is increasing in Indian Society.
GS1,"COMMUNALISM, REGIONALISM, SECULARISM; SOCIAL EMPOWERMENT; SALIENT FEATURES OF INDIAN SOCIETY; DIVERSITY OF INDIA.",2023,10,Child cuddling is now being replaced by mobile phones. Discuss its impact on the socialization of children.
GS1,"COMMUNALISM, REGIONALISM, SECULARISM; SOCIAL EMPOWERMENT; SALIENT FEATURES OF INDIAN SOCIETY; DIVERSITY OF INDIA.",2023,15,Why is caste identity in India both fluid and static?
GS1,"COMMUNALISM, REGIONALISM, SECULARISM; SOCIAL EMPOWERMENT; SALIENT FEATURES OF INDIAN SOCIETY; DIVERSITY OF INDIA.",2023,15,Discuss the impact of post-liberal economy on ethnic identity and communalism.
GS1,"COMMUNALISM, REGIONALISM, SECULARISM; SOCIAL EMPOWERMENT; SALIENT FEATURES OF INDIAN SOCIETY; DIVERSITY OF INDIA.",2022,10,Explore and evaluate the impact of ‘Work from Home’ on family relationships.
GS1,"COMMUNALISM, REGIONALISM, SECULARISM; SOCIAL EMPOWERMENT; SALIENT FEATURES OF INDIAN SOCIETY; DIVERSITY OF INDIA.",2022,10,How is the growth of Tier 2 cities related to the rise of a new middle class with an emphasis on the culture of consumption?
GS1,"COMMUNALISM, REGIONALISM, SECULARISM; SOCIAL EMPOWERMENT; SALIENT FEATURES OF INDIAN SOCIETY; DIVERSITY OF INDIA.",2022,10,"Given the diversities among the tribal communities in India, in which specific contexts should they be considered as a single category?"
GS1,"COMMUNALISM, REGIONALISM, SECULARISM; SOCIAL EMPOWERMENT; SALIENT FEATURES OF INDIAN SOCIETY; DIVERSITY OF INDIA.",2022,15,"Analyze the salience of sect in Indian society vis-a-vis caste, region and religion."
GS1,"COMMUNALISM, REGIONALISM, SECULARISM; SOCIAL EMPOWERMENT; SALIENT FEATURES OF INDIAN SOCIETY; DIVERSITY OF INDIA.",2022,15,"Are tolerance, assimilation and pluralism the key elements in the making of an Indian form of secularism? Justify your answer."
GS1,"COMMUNALISM, REGIONALISM, SECULARISM; SOCIAL EMPOWERMENT; SALIENT FEATURES OF INDIAN SOCIETY; DIVERSITY OF INDIA.",2020,,Do you agree that regionalism in India appears to be a consequence of rising cultural assertiveness? Argue.
GS1,"COMMUNALISM, REGIONALISM, SECULARISM; SOCIAL EMPOWERMENT; SALIENT FEATURES OF INDIAN SOCIETY; DIVERSITY OF INDIA.",2020,,Has caste lost its relevance in understanding the multi- cultural Indian Society? Elaborate your answer with illustrations.
GS1,"COMMUNALISM, REGIONALISM, SECULARISM; SOCIAL EMPOWERMENT; SALIENT FEATURES OF INDIAN SOCIETY; DIVERSITY OF INDIA.",2018,,"“Caste system is assuming new identities and associational forms. Hence, caste system cannot be eradicated in India.” Comment."
GS1,"COMMUNALISM, REGIONALISM, SECULARISM; SOCIAL EMPOWERMENT; SALIENT FEATURES OF INDIAN SOCIETY; DIVERSITY OF INDIA.",2018,,How the Indian concept of secularism is different from the western model of secularism? Discuss.
GS1,"COMMUNALISM, REGIONALISM, SECULARISM; SOCIAL EMPOWERMENT; SALIENT FEATURES OF INDIAN SOCIETY; DIVERSITY OF INDIA.",2018,,Communalism arises either due to power struggle or relative deprivation. Argue by giving suitable illustrations.
GS1,"COMMUNALISM, REGIONALISM, SECULARISM; SOCIAL EMPOWERMENT; SALIENT FEATURES OF INDIAN SOCIETY; DIVERSITY OF INDIA.",2017,,"The spirit tolerance and love is not only an interesting feature of Indian society from very early times, but it is also playing an important part at the present. Elaborate."
GS1,"COMMUNALISM, REGIONALISM, SECULARISM; SOCIAL EMPOWERMENT; SALIENT FEATURES OF INDIAN SOCIETY; DIVERSITY OF INDIA.",,,Distinguish between religiousness/religiosity and communalism giving one example of how the former has got transformed into the latter in independent India.
GS1,"COMMUNALISM, REGIONALISM, SECULARISM; SOCIAL EMPOWERMENT; SALIENT FEATURES OF INDIAN SOCIETY; DIVERSITY OF INDIA.",2017,,"In the context of diversity of India, can it be said that the regions form cultural units rather than the States? Give reasons with examples for your viewpoint."
GS1,"COMMUNALISM, REGIONALISM, SECULARISM; SOCIAL EMPOWERMENT; SALIENT FEATURES OF INDIAN SOCIETY; DIVERSITY OF INDIA.",2017,,"What are the two major legal initiatives by the State since Independence, addressing discrimination against Scheduled Tribes (STs)?"
GS1,"COMMUNALISM, REGIONALISM, SECULARISM; SOCIAL EMPOWERMENT; SALIENT FEATURES OF INDIAN SOCIETY; DIVERSITY OF INDIA.",2016,,Has the formation of linguistic States strengthened the cause of Indian Unity?
GS1,"COMMUNALISM, REGIONALISM, SECULARISM; SOCIAL EMPOWERMENT; SALIENT FEATURES OF INDIAN SOCIETY; DIVERSITY OF INDIA.",2016,,Why are the tribals in India referred to as the Scheduled Tribes? Indicate the major provisions enshrined in the Constitution of India for their upliftment.
GS1,"COMMUNALISM, REGIONALISM, SECULARISM; SOCIAL EMPOWERMENT; SALIENT FEATURES OF INDIAN SOCIETY; DIVERSITY OF INDIA.",2016,,What is the basis of regionalism? Is it that unequal distribution of benefits of development on regional basis eventually promotes regionalism? Substantiate your answer.
GS1,"COMMUNALISM, REGIONALISM, SECULARISM; SOCIAL EMPOWERMENT; SALIENT FEATURES OF INDIAN SOCIETY; DIVERSITY OF INDIA.",2015,,"Mahatma Gandhi and Dr. B.R. Ambedkar, despite having divergent approaches and strategies, had a common goal of amelioration of the downtrodden. Elucidate."
GS1,"COMMUNALISM, REGIONALISM, SECULARISM; SOCIAL EMPOWERMENT; SALIENT FEATURES OF INDIAN SOCIETY; DIVERSITY OF INDIA.",2015,,Describe any four cultural elements of diversity in India and rate their relative significance in building a national identity.
GS1,"COMMUNALISM, REGIONALISM, SECULARISM; SOCIAL EMPOWERMENT; SALIENT FEATURES OF INDIAN SOCIETY; DIVERSITY OF INDIA.",2015,,Debate the issue of whether and how contemporary movements for assertion of Dalit identity work towards annihilation of caste.
GS1,"COMMUNALISM, REGIONALISM, SECULARISM; SOCIAL EMPOWERMENT; SALIENT FEATURES OF INDIAN SOCIETY; DIVERSITY OF INDIA.",2014,,How do the Indian debates on secularism differ from the debates in the West?
GS1,"COMMUNALISM, REGIONALISM, SECULARISM; SOCIAL EMPOWERMENT; SALIENT FEATURES OF INDIAN SOCIETY; DIVERSITY OF INDIA.",2013,,Growing feeling of regionalism is an important factor in the generation of demand for a separate state. Discuss
GS1,"COMMUNALISM, REGIONALISM, SECULARISM; SOCIAL EMPOWERMENT; SALIENT FEATURES OF INDIAN SOCIETY; DIVERSITY OF INDIA.",2021,,Examine the uniqueness of tribal knowledge system when compared with mainstream knowledge and cultural systems.
GS1,"COMMUNALISM, REGIONALISM, SECULARISM; SOCIAL EMPOWERMENT; SALIENT FEATURES OF INDIAN SOCIETY; DIVERSITY OF INDIA.",2021,,Examine the role of ‘Gig Economy’ in the process of empowerment of women in India.
GS1,"COMMUNALISM, REGIONALISM, SECULARISM; SOCIAL EMPOWERMENT; SALIENT FEATURES OF INDIAN SOCIETY; DIVERSITY OF INDIA.",2021,,What are the main socio-economic implications arising out of the development of IT industries in major cities of India?
GS1,"COMMUNALISM, REGIONALISM, SECULARISM; SOCIAL EMPOWERMENT; SALIENT FEATURES OF INDIAN SOCIETY; DIVERSITY OF INDIA.",2021,,Discuss the main objectives of Population Education and point out the measures to achieve them in India in detail.
GS1,"COMMUNALISM, REGIONALISM, SECULARISM; SOCIAL EMPOWERMENT; SALIENT FEATURES OF INDIAN SOCIETY; DIVERSITY OF INDIA.",2021,,What is Cryptocurrency? How does it affect global society? Has it been affecting Indian society also?
GS1,"COMMUNALISM, REGIONALISM, SECULARISM; SOCIAL EMPOWERMENT; SALIENT FEATURES OF INDIAN SOCIETY; DIVERSITY OF INDIA.",2021,,How does Indian society maintain continuity in traditional social values? Enumerate the changes taking place in it.
GS1,ROLE OF WOMEN AND WOMEN’S ORGANISATION;,2019,,“Empowering women is the key to control population growth”. Discuss
GS1,ROLE OF WOMEN AND WOMEN’S ORGANISATION;,2019,,What are the continued challenges for women in India against time and space?
GS1,ROLE OF WOMEN AND WOMEN’S ORGANISATION;,2018,,‘Women’s movement in India has not addressed the issues of women of lower social strata. Substantiate your view.
GS1,ROLE OF WOMEN AND WOMEN’S ORGANISATION;,2015,,How do you explain the statistics that show that the sex ratio in Tribes in India is more favourable to women than the sex ratio among Scheduled Castes?
GS1,ROLE OF WOMEN AND WOMEN’S ORGANISATION;,2014,,How does patriarchy impact the position of a middle-class working woman in India?
GS1,ROLE OF WOMEN AND WOMEN’S ORGANISATION;,2014,,Discuss the various economic and socio-cultural forces that are driving increasing feminization of agriculture in India.
GS1,ROLE OF WOMEN AND WOMEN’S ORGANISATION;,2014,,Why do some of the most prosperous regions of India have an adverse sex ratio for women? Give your arguments
GS1,ROLE OF WOMEN AND WOMEN’S ORGANISATION;,2013,,Male membership needs to be encouraged in order to make women’s organization free from gender bias. Comment
GS1,"POVERTY, POPULATION; DEVELOPMENT AND ASSOCIATED ISSUES",2025,,"Does tribal development in India centre around two axes, those of displacement and of rehabilitation? Give your opinion."
GS1,"POVERTY, POPULATION; DEVELOPMENT AND ASSOCIATED ISSUES",2023,15,Why did human development fail to keep pace with economic development in India?
GS1,"POVERTY, POPULATION; DEVELOPMENT AND ASSOCIATED ISSUES",2020,,COVID-19 pandemic accelerated class inequalities and poverty in India. Comment.
GS1,"POVERTY, POPULATION; DEVELOPMENT AND ASSOCIATED ISSUES",2020,,How have digital initiatives in India contributed to the functioning of the education system in the country? Elaborate your answer.
GS1,"POVERTY, POPULATION; DEVELOPMENT AND ASSOCIATED ISSUES",2019,,What makes Indian society unique in sustaining its culture? Discuss.
GS1,"POVERTY, POPULATION; DEVELOPMENT AND ASSOCIATED ISSUES",2019,,What are the challenges to our cultural practices in the name of secularism.
GS1,"POVERTY, POPULATION; DEVELOPMENT AND ASSOCIATED ISSUES",2019,,Do we have cultural pockets of small India all over the nation? Elaborate with examples.
GS1,"POVERTY, POPULATION; DEVELOPMENT AND ASSOCIATED ISSUES",2018,,"Despite implementation of various programmes for eradication of poverty by the government in India, poverty is still existing.’ Explain by giving reasons."
GS1,"POVERTY, POPULATION; DEVELOPMENT AND ASSOCIATED ISSUES",2018,,Discuss whether formation of new states in recent times is beneficial or not for the economy of India.
GS1,"POVERTY, POPULATION; DEVELOPMENT AND ASSOCIATED ISSUES",2018,,"Mention core strategies for the transformation of aspirational districts in India and explain the nature of convergence, collaboration and competition for its success."
GS1,"POVERTY, POPULATION; DEVELOPMENT AND ASSOCIATED ISSUES",2016,,“An essential condition to eradicate poverty is to liberate the poor from deprivation.” Substantiate this statement with suitable examples.
GS1,"POVERTY, POPULATION; DEVELOPMENT AND ASSOCIATED ISSUES",2015,,Critically examine whether growing population is the cause of poverty OR poverty is the main cause of population increase in India.
GS1,"POVERTY, POPULATION; DEVELOPMENT AND ASSOCIATED ISSUES",2015,,Discuss the changes in the trends of labour migration within and outside India in the last four decades.
GS1,"POVERTY, POPULATION; DEVELOPMENT AND ASSOCIATED ISSUES",2014,,The life cycle of a joint family depends on economic factors rather than social values. Discuss.
GS1,URBANIZATION: PROBLEMS AND REMEDIES,2025,,How can Artificial Intelligence (AI) and drones be effectively used along with GIS and RS techniques in locational and areal planning?
GS1,URBANIZATION: PROBLEMS AND REMEDIES,2025,,"How does smart city in India, address the issues of urban poverty and distributive justice?"
GS1,URBANIZATION: PROBLEMS AND REMEDIES,2023,15,Does urbanization lead to more segregation and/or marginalization of the poor in Indian metropolises?
GS1,URBANIZATION: PROBLEMS AND REMEDIES,2020,,Account for the huge flooding of million cities in India including the smart ones like Hyderabad and Pune. Suggest lasting remedial measures.
GS1,URBANIZATION: PROBLEMS AND REMEDIES,2019,,How is efficient and affordable urban mass transport key to the rapid economic development of India?
GS1,URBANIZATION: PROBLEMS AND REMEDIES,2018,,“The ideal solution of depleting ground water resources in India is water harvesting system.” How can it be made effective in urban areas?
GS1,URBANIZATION: PROBLEMS AND REMEDIES,2017,,The growth of cities as I.T. hubs has opened up new avenues employment but has also created new problems. Substantiate this statement with examples. Urbanization
GS1,URBANIZATION: PROBLEMS AND REMEDIES,2016,,"With a brief background of quality of urban life in India, introduce the objectives and strategy of the ‘Smart City Programme’."
GS1,URBANIZATION: PROBLEMS AND REMEDIES,2016,,Major cities of India are becoming more vulnerable to flood conditions. Discuss.
GS1,URBANIZATION: PROBLEMS AND REMEDIES,2015,,"Mumbai, Delhi and Kolkata are the three mega cities of the country but the air pollution is much more serious problem in Delhi as compared to the other two. Why is this so?"
GS1,URBANIZATION: PROBLEMS AND REMEDIES,2015,,Smart cities in India cannot sustain without smart villages. Discuss this statement in the backdrop of rural urban integration.
GS1,URBANIZATION: PROBLEMS AND REMEDIES,2013,,Discussion the various social problems which originated out of the speedy process of urbanization in India.
GS1,TOPIC: EFFECTS OF GLOBALIZATION ON INDIAN SOCIETY,2025,,Do you think that globalization results in only an aggressive consumer culture? Justify your answer.
GS1,TOPIC: EFFECTS OF GLOBALIZATION ON INDIAN SOCIETY,2020,,Is diversity and pluralism in India under threat due to globalisation? Justify your answer.
GS1,TOPIC: EFFECTS OF GLOBALIZATION ON INDIAN SOCIETY,2020,,Customs and traditions suppress reason leading to obscurantism. Do you agree?
GS1,TOPIC: EFFECTS OF GLOBALIZATION ON INDIAN SOCIETY,2019,,Are we losing our local identity for the global identity? Discuss.
GS1,TOPIC: EFFECTS OF GLOBALIZATION ON INDIAN SOCIETY,2018,,‘Globalization is generally said to promote cultural homogenization but due to this cultural specificity appear to be strengthened in the Indian Society. Elucidate.
GS1,TOPIC: EFFECTS OF GLOBALIZATION ON INDIAN SOCIETY,2016,,To what extent globalization has influenced the core of cultural diversity in India? Explain.
GS1,TOPIC: EFFECTS OF GLOBALIZATION ON INDIAN SOCIETY,2015,,"Discuss the positive and negative effects of globalization on women in India. (In 2013, UPSC asked about Globalization effect on Elderly)."
GS1,TOPIC: EFFECTS OF GLOBALIZATION ON INDIAN SOCIETY,2013,,Critically examine the effects of globalization on the aged population in India.
GS1,"SALIENT FEATURES OF WORLD PHYSICAL GEOGRAPHY; IMPORTANT GEOPHYSICAL PHENOMENA (EARTHQUAKES, TSUNAMI, VOLCANOES, CYCLONES); GEOGRAPHICAL FEATURES AND LOCATION",2025,,Discuss how the changes in shape and sizes of continents and ocean basins of the planet take place due to tectonic movements of the crustal masses.
GS1,"SALIENT FEATURES OF WORLD PHYSICAL GEOGRAPHY; IMPORTANT GEOPHYSICAL PHENOMENA (EARTHQUAKES, TSUNAMI, VOLCANOES, CYCLONES); GEOGRAPHICAL FEATURES AND LOCATION",2025,,What are Tsunamis? How and where are they formed? What are their consequences? Explain with examples.
GS1,"SALIENT FEATURES OF WORLD PHYSICAL GEOGRAPHY; IMPORTANT GEOPHYSICAL PHENOMENA (EARTHQUAKES, TSUNAMI, VOLCANOES, CYCLONES); GEOGRAPHICAL FEATURES AND LOCATION",2023,10,Why is the South-West monsoon called ‘Purvaiya’ (easterly) in Bhojpur Region? How has this directional seasonal wind system influenced the cultural ethos of the region?
GS1,"SALIENT FEATURES OF WORLD PHYSICAL GEOGRAPHY; IMPORTANT GEOPHYSICAL PHENOMENA (EARTHQUAKES, TSUNAMI, VOLCANOES, CYCLONES); GEOGRAPHICAL FEATURES AND LOCATION",2022,10,Describe the characteristics and types of primary rocks.
GS1,"SALIENT FEATURES OF WORLD PHYSICAL GEOGRAPHY; IMPORTANT GEOPHYSICAL PHENOMENA (EARTHQUAKES, TSUNAMI, VOLCANOES, CYCLONES); GEOGRAPHICAL FEATURES AND LOCATION",2022,10,Discuss the meaning of color-coded weather warnings for cyclone prone areas given by India Meteorological department.
GS1,"SALIENT FEATURES OF WORLD PHYSICAL GEOGRAPHY; IMPORTANT GEOPHYSICAL PHENOMENA (EARTHQUAKES, TSUNAMI, VOLCANOES, CYCLONES); GEOGRAPHICAL FEATURES AND LOCATION",2022,10,Discuss the natural resource potentials of ‘Deccan trap’.
GS1,"SALIENT FEATURES OF WORLD PHYSICAL GEOGRAPHY; IMPORTANT GEOPHYSICAL PHENOMENA (EARTHQUAKES, TSUNAMI, VOLCANOES, CYCLONES); GEOGRAPHICAL FEATURES AND LOCATION",2022,15,What are the forces that influence ocean currents? Describe their role in fishing industry of the world.
GS1,"SALIENT FEATURES OF WORLD PHYSICAL GEOGRAPHY; IMPORTANT GEOPHYSICAL PHENOMENA (EARTHQUAKES, TSUNAMI, VOLCANOES, CYCLONES); GEOGRAPHICAL FEATURES AND LOCATION",2022,15,Troposphere is a very significant atmospheric layer that determines weather processes. How?
GS1,"SALIENT FEATURES OF WORLD PHYSICAL GEOGRAPHY; IMPORTANT GEOPHYSICAL PHENOMENA (EARTHQUAKES, TSUNAMI, VOLCANOES, CYCLONES); GEOGRAPHICAL FEATURES AND LOCATION",2021,,Differentiate the causes of landslides in the Himalayan region and Western Ghats.
GS1,"SALIENT FEATURES OF WORLD PHYSICAL GEOGRAPHY; IMPORTANT GEOPHYSICAL PHENOMENA (EARTHQUAKES, TSUNAMI, VOLCANOES, CYCLONES); GEOGRAPHICAL FEATURES AND LOCATION",2021,,"Despite India being one of the countries of the Gondwanaland, its mining industry contributes much less to its Gross Domestic Product(GDP) in percentage. Discuss."
GS1,"SALIENT FEATURES OF WORLD PHYSICAL GEOGRAPHY; IMPORTANT GEOPHYSICAL PHENOMENA (EARTHQUAKES, TSUNAMI, VOLCANOES, CYCLONES); GEOGRAPHICAL FEATURES AND LOCATION",2021,,What are the environmental implications of the reclamation of the water bodies into urban land use? Explain with examples.
GS1,"SALIENT FEATURES OF WORLD PHYSICAL GEOGRAPHY; IMPORTANT GEOPHYSICAL PHENOMENA (EARTHQUAKES, TSUNAMI, VOLCANOES, CYCLONES); GEOGRAPHICAL FEATURES AND LOCATION",2021,,Mention the global occurrence of volcanic eruptions in 2021 and their impact on regional environment.
GS1,"SALIENT FEATURES OF WORLD PHYSICAL GEOGRAPHY; IMPORTANT GEOPHYSICAL PHENOMENA (EARTHQUAKES, TSUNAMI, VOLCANOES, CYCLONES); GEOGRAPHICAL FEATURES AND LOCATION",2021,,Why is India considered as a sub-continent? Elaborate your answer.
GS1,"SALIENT FEATURES OF WORLD PHYSICAL GEOGRAPHY; IMPORTANT GEOPHYSICAL PHENOMENA (EARTHQUAKES, TSUNAMI, VOLCANOES, CYCLONES); GEOGRAPHICAL FEATURES AND LOCATION",2020,,Discuss the geophysical characteristics of Circum- Pacific Zone.
GS1,"SALIENT FEATURES OF WORLD PHYSICAL GEOGRAPHY; IMPORTANT GEOPHYSICAL PHENOMENA (EARTHQUAKES, TSUNAMI, VOLCANOES, CYCLONES); GEOGRAPHICAL FEATURES AND LOCATION",2018,,Why is Indian Regional Navigational Satellite System (IRNSS) needed? How does it help in navigation?
GS1,"SALIENT FEATURES OF WORLD PHYSICAL GEOGRAPHY; IMPORTANT GEOPHYSICAL PHENOMENA (EARTHQUAKES, TSUNAMI, VOLCANOES, CYCLONES); GEOGRAPHICAL FEATURES AND LOCATION",2018,,Define mantle plume and explain its role in plate tectonics.
GS1,"SALIENT FEATURES OF WORLD PHYSICAL GEOGRAPHY; IMPORTANT GEOPHYSICAL PHENOMENA (EARTHQUAKES, TSUNAMI, VOLCANOES, CYCLONES); GEOGRAPHICAL FEATURES AND LOCATION",2017,,How does the Juno Mission of NASA help to understand the origin and evolution of the Earth?
GS1,"SALIENT FEATURES OF WORLD PHYSICAL GEOGRAPHY; IMPORTANT GEOPHYSICAL PHENOMENA (EARTHQUAKES, TSUNAMI, VOLCANOES, CYCLONES); GEOGRAPHICAL FEATURES AND LOCATION",2016,,“The Himalayas are highly prone to landslides.” Discuss the causes and suggest suitable measures of mitigation.
GS1,"SALIENT FEATURES OF WORLD PHYSICAL GEOGRAPHY; IMPORTANT GEOPHYSICAL PHENOMENA (EARTHQUAKES, TSUNAMI, VOLCANOES, CYCLONES); GEOGRAPHICAL FEATURES AND LOCATION",2014,,Explain the formation of thousands of islands in Indonesian and Philippines archipelagos.
GS1,"SALIENT FEATURES OF WORLD PHYSICAL GEOGRAPHY; IMPORTANT GEOPHYSICAL PHENOMENA (EARTHQUAKES, TSUNAMI, VOLCANOES, CYCLONES); GEOGRAPHICAL FEATURES AND LOCATION",2014,,Why are the world’s fold mountain systems located along the margins of continents? Bring out the association between the global distribution of Fold Mountains and the earthquakes and volcanoes.
GS1,"SALIENT FEATURES OF WORLD PHYSICAL GEOGRAPHY; IMPORTANT GEOPHYSICAL PHENOMENA (EARTHQUAKES, TSUNAMI, VOLCANOES, CYCLONES); GEOGRAPHICAL FEATURES AND LOCATION",2013,,What do you understand by the theory of continental drift? Discuss the prominent evidences in its support.
GS1,"SALIENT FEATURES OF WORLD PHYSICAL GEOGRAPHY; IMPORTANT GEOPHYSICAL PHENOMENA (EARTHQUAKES, TSUNAMI, VOLCANOES, CYCLONES); GEOGRAPHICAL FEATURES AND LOCATION",2013,,There is no formation of deltas by rivers of the Western Ghat. Why?
GS1,"SALIENT FEATURES OF WORLD PHYSICAL GEOGRAPHY; IMPORTANT GEOPHYSICAL PHENOMENA (EARTHQUAKES, TSUNAMI, VOLCANOES, CYCLONES); GEOGRAPHICAL FEATURES AND LOCATION",2013,,Major hot deserts in northern hemisphere are located between 20-30 degree north and on the western side of the continents. Why?
GS1,"SALIENT FEATURES OF WORLD PHYSICAL GEOGRAPHY; IMPORTANT GEOPHYSICAL PHENOMENA (EARTHQUAKES, TSUNAMI, VOLCANOES, CYCLONES); GEOGRAPHICAL FEATURES AND LOCATION",2013,,Bring out the causes for more frequent landslides in the Himalayas than in Western Ghats.
GS1,GEOGRAPHICAL FEATURES AND THEIR LOCATION- CHANGES IN CRITICAL GEOGRAPHICAL FEATURES (INCLUDING WATER BODIES AND ICE-CAPS) AND IN FLORA AND FAUNA AND THE EFFECTS OF SUCH CHANGES.,2025,,How are climate change and the sea level rise affecting the very existence of many island nations? Discuss with examples.
GS1,GEOGRAPHICAL FEATURES AND THEIR LOCATION- CHANGES IN CRITICAL GEOGRAPHICAL FEATURES (INCLUDING WATER BODIES AND ICE-CAPS) AND IN FLORA AND FAUNA AND THE EFFECTS OF SUCH CHANGES.,2023,10,Discuss the consequences of climate change on the food security in tropical countries.
GS1,GEOGRAPHICAL FEATURES AND THEIR LOCATION- CHANGES IN CRITICAL GEOGRAPHICAL FEATURES (INCLUDING WATER BODIES AND ICE-CAPS) AND IN FLORA AND FAUNA AND THE EFFECTS OF SUCH CHANGES.,2023,10,How are the fjords formed? Why do they constitute some of the most picturesque areas of the world?
GS1,GEOGRAPHICAL FEATURES AND THEIR LOCATION- CHANGES IN CRITICAL GEOGRAPHICAL FEATURES (INCLUDING WATER BODIES AND ICE-CAPS) AND IN FLORA AND FAUNA AND THE EFFECTS OF SUCH CHANGES.,2023,15,Identify and discuss the factors responsible for diversity of natural vegetation in India. Assess the significance of wildlife sanctuaries in rain forests regions of India.
GS1,GEOGRAPHICAL FEATURES AND THEIR LOCATION- CHANGES IN CRITICAL GEOGRAPHICAL FEATURES (INCLUDING WATER BODIES AND ICE-CAPS) AND IN FLORA AND FAUNA AND THE EFFECTS OF SUCH CHANGES.,2020,,Examine the status of forest resources of India and its resultant impact on climate change.
GS1,GEOGRAPHICAL FEATURES AND THEIR LOCATION- CHANGES IN CRITICAL GEOGRAPHICAL FEATURES (INCLUDING WATER BODIES AND ICE-CAPS) AND IN FLORA AND FAUNA AND THE EFFECTS OF SUCH CHANGES.,2020,,How will the melting of Himalayan glaciers have a far- reaching impact on the water resources of India?
GS1,GEOGRAPHICAL FEATURES AND THEIR LOCATION- CHANGES IN CRITICAL GEOGRAPHICAL FEATURES (INCLUDING WATER BODIES AND ICE-CAPS) AND IN FLORA AND FAUNA AND THE EFFECTS OF SUCH CHANGES.,2020,,"The interlinking of rivers can provide viable solutions to the multi-dimensional inter- related problems of droughts, floods and interrupted navigation. Critically examine."
GS1,GEOGRAPHICAL FEATURES AND THEIR LOCATION- CHANGES IN CRITICAL GEOGRAPHICAL FEATURES (INCLUDING WATER BODIES AND ICE-CAPS) AND IN FLORA AND FAUNA AND THE EFFECTS OF SUCH CHANGES.,2020,,The process of desertification does not have climate boundaries. Justify with examples.
GS1,GEOGRAPHICAL FEATURES AND THEIR LOCATION- CHANGES IN CRITICAL GEOGRAPHICAL FEATURES (INCLUDING WATER BODIES AND ICE-CAPS) AND IN FLORA AND FAUNA AND THE EFFECTS OF SUCH CHANGES.,2019,,Assess the impact of global warming on coral life system with examples.
GS1,GEOGRAPHICAL FEATURES AND THEIR LOCATION- CHANGES IN CRITICAL GEOGRAPHICAL FEATURES (INCLUDING WATER BODIES AND ICE-CAPS) AND IN FLORA AND FAUNA AND THE EFFECTS OF SUCH CHANGES.,2019,,How do ocean currents and water masses differ in their impacts on marine life and the coastal environment? Give suitable examples?
GS1,GEOGRAPHICAL FEATURES AND THEIR LOCATION- CHANGES IN CRITICAL GEOGRAPHICAL FEATURES (INCLUDING WATER BODIES AND ICE-CAPS) AND IN FLORA AND FAUNA AND THE EFFECTS OF SUCH CHANGES.,2019,,Discuss the causes of depletion of mangroves and explain their importance in maintaining coastal ecology.
GS1,GEOGRAPHICAL FEATURES AND THEIR LOCATION- CHANGES IN CRITICAL GEOGRAPHICAL FEATURES (INCLUDING WATER BODIES AND ICE-CAPS) AND IN FLORA AND FAUNA AND THE EFFECTS OF SUCH CHANGES.,2019,,How can the mountain ecosystem be restored from the negative impact of development initiatives and tourism?
GS1,GEOGRAPHICAL FEATURES AND THEIR LOCATION- CHANGES IN CRITICAL GEOGRAPHICAL FEATURES (INCLUDING WATER BODIES AND ICE-CAPS) AND IN FLORA AND FAUNA AND THE EFFECTS OF SUCH CHANGES.,2019,,What is water stress? How and why does it differ regionally in India?
GS1,GEOGRAPHICAL FEATURES AND THEIR LOCATION- CHANGES IN CRITICAL GEOGRAPHICAL FEATURES (INCLUDING WATER BODIES AND ICE-CAPS) AND IN FLORA AND FAUNA AND THE EFFECTS OF SUCH CHANGES.,2018,,What are the consequences of spreading of ‘Dead Zones’ on marine ecosystem?
GS1,GEOGRAPHICAL FEATURES AND THEIR LOCATION- CHANGES IN CRITICAL GEOGRAPHICAL FEATURES (INCLUDING WATER BODIES AND ICE-CAPS) AND IN FLORA AND FAUNA AND THE EFFECTS OF SUCH CHANGES.,2017,,"In spite of adverse environmental impact, coal mining is still inevitable for development.” Discuss"
GS1,GEOGRAPHICAL FEATURES AND THEIR LOCATION- CHANGES IN CRITICAL GEOGRAPHICAL FEATURES (INCLUDING WATER BODIES AND ICE-CAPS) AND IN FLORA AND FAUNA AND THE EFFECTS OF SUCH CHANGES.,2017,,Mention the advantages of the cultivation of pulse because of which the year 2016 was declared as the International Year of Pulses by the United Nations.
GS1,GEOGRAPHICAL FEATURES AND THEIR LOCATION- CHANGES IN CRITICAL GEOGRAPHICAL FEATURES (INCLUDING WATER BODIES AND ICE-CAPS) AND IN FLORA AND FAUNA AND THE EFFECTS OF SUCH CHANGES.,2017,,How does the cryosphere affect global climate?
GS1,GEOGRAPHICAL FEATURES AND THEIR LOCATION- CHANGES IN CRITICAL GEOGRAPHICAL FEATURES (INCLUDING WATER BODIES AND ICE-CAPS) AND IN FLORA AND FAUNA AND THE EFFECTS OF SUCH CHANGES.,2017,,Account for variations in oceanic salinity and discuss its multi-dimensional effects.
GS1,GEOGRAPHICAL FEATURES AND THEIR LOCATION- CHANGES IN CRITICAL GEOGRAPHICAL FEATURES (INCLUDING WATER BODIES AND ICE-CAPS) AND IN FLORA AND FAUNA AND THE EFFECTS OF SUCH CHANGES.,2017,,In what way can flood be converted into a sustainable source of irrigation and allweather inland navigation in India?
GS1,GEOGRAPHICAL FEATURES AND THEIR LOCATION- CHANGES IN CRITICAL GEOGRAPHICAL FEATURES (INCLUDING WATER BODIES AND ICE-CAPS) AND IN FLORA AND FAUNA AND THE EFFECTS OF SUCH CHANGES.,2017,,What characteristics can be assigned to monsoon climate that succeeds in feeding more than 50 percent of the won population residing in Monsoon Asia?
GS1,GEOGRAPHICAL FEATURES AND THEIR LOCATION- CHANGES IN CRITICAL GEOGRAPHICAL FEATURES (INCLUDING WATER BODIES AND ICE-CAPS) AND IN FLORA AND FAUNA AND THE EFFECTS OF SUCH CHANGES.,2016,,Discuss the concept of air mass and explain its role in macro-climatic changes.
GS1,GEOGRAPHICAL FEATURES AND THEIR LOCATION- CHANGES IN CRITICAL GEOGRAPHICAL FEATURES (INCLUDING WATER BODIES AND ICE-CAPS) AND IN FLORA AND FAUNA AND THE EFFECTS OF SUCH CHANGES.,2015,,"Explain the factors responsible for the origin of ocean currents. How do they influence regional climates, fishing and navigation?"
GS1,GEOGRAPHICAL FEATURES AND THEIR LOCATION- CHANGES IN CRITICAL GEOGRAPHICAL FEATURES (INCLUDING WATER BODIES AND ICE-CAPS) AND IN FLORA AND FAUNA AND THE EFFECTS OF SUCH CHANGES.,2015,,How far do you agree that the behavior of the Indian monsoon has been changing due to humanizing landscapes? Discuss.
GS1,GEOGRAPHICAL FEATURES AND THEIR LOCATION- CHANGES IN CRITICAL GEOGRAPHICAL FEATURES (INCLUDING WATER BODIES AND ICE-CAPS) AND IN FLORA AND FAUNA AND THE EFFECTS OF SUCH CHANGES.,2014,,"Tropical cyclones are largely confined to South China Sea, Bay of Bengal and Gulf of Mexico. Why?"
GS1,GEOGRAPHICAL FEATURES AND THEIR LOCATION- CHANGES IN CRITICAL GEOGRAPHICAL FEATURES (INCLUDING WATER BODIES AND ICE-CAPS) AND IN FLORA AND FAUNA AND THE EFFECTS OF SUCH CHANGES.,,,Most of the unusual climatic happenings are explained as an outcome of the ElNino effect. Do you agree?
GS1,GEOGRAPHICAL FEATURES AND THEIR LOCATION- CHANGES IN CRITICAL GEOGRAPHICAL FEATURES (INCLUDING WATER BODIES AND ICE-CAPS) AND IN FLORA AND FAUNA AND THE EFFECTS OF SUCH CHANGES.,2014,,Bring out the relationship between the shrinking Himalayan glaciers and the symptoms of climate change in the Indian sub-continent.
GS1,GEOGRAPHICAL FEATURES AND THEIR LOCATION- CHANGES IN CRITICAL GEOGRAPHICAL FEATURES (INCLUDING WATER BODIES AND ICE-CAPS) AND IN FLORA AND FAUNA AND THE EFFECTS OF SUCH CHANGES.,2013,,The recent cyclone on the east coast of India was called “Phailin”. How are the tropical cyclones named across the world?
GS1,GEOGRAPHICAL FEATURES AND THEIR LOCATION- CHANGES IN CRITICAL GEOGRAPHICAL FEATURES (INCLUDING WATER BODIES AND ICE-CAPS) AND IN FLORA AND FAUNA AND THE EFFECTS OF SUCH CHANGES.,2013,,Bring out the causes for the formation of heat islands in the urban habitat of the world.
GS1,GEOGRAPHICAL FEATURES AND THEIR LOCATION- CHANGES IN CRITICAL GEOGRAPHICAL FEATURES (INCLUDING WATER BODIES AND ICE-CAPS) AND IN FLORA AND FAUNA AND THE EFFECTS OF SUCH CHANGES.,2013,,What do you understand by the phenomenon of temperature inversion in meteorology? How does it affect the weather and the habitants of the place?
GS1,GEOGRAPHICAL FEATURES AND THEIR LOCATION- CHANGES IN CRITICAL GEOGRAPHICAL FEATURES (INCLUDING WATER BODIES AND ICE-CAPS) AND IN FLORA AND FAUNA AND THE EFFECTS OF SUCH CHANGES.,2021,,"Briefly mention the alignment of major mountain ranges of the world and explain their impact on local weather conditions, with examples."
GS1,GEOGRAPHICAL FEATURES AND THEIR LOCATION- CHANGES IN CRITICAL GEOGRAPHICAL FEATURES (INCLUDING WATER BODIES AND ICE-CAPS) AND IN FLORA AND FAUNA AND THE EFFECTS OF SUCH CHANGES.,2021,,How do the melting of the Arctic ice and glaciers of the Antarctic differently affect the weather patterns and human activities on the Earth? Explain.
GS1,GEOGRAPHICAL FEATURES AND THEIR LOCATION- CHANGES IN CRITICAL GEOGRAPHICAL FEATURES (INCLUDING WATER BODIES AND ICE-CAPS) AND IN FLORA AND FAUNA AND THE EFFECTS OF SUCH CHANGES.,2021,,Discuss the multi-dimensional implications of uneven distribution of mineral oil in the world.
GS1,TOPIC: DISTRIBUTION OF KEY NATURAL RESOURCES ACROSS THE WORLD (INCLUDING SOUTH ASIA AND THE INDIAN SUBCONTINENT),2025,,"Discuss the distribution and density of population in the Ganga River Basin with special reference to land, soil and water resources."
GS1,TOPIC: DISTRIBUTION OF KEY NATURAL RESOURCES ACROSS THE WORLD (INCLUDING SOUTH ASIA AND THE INDIAN SUBCONTINENT),2025,,Give a geographical explanation of the distribution of off-shore oil reserves of the world. How are they different from the on-shore occurrences of oil reserves?
GS1,TOPIC: DISTRIBUTION OF KEY NATURAL RESOURCES ACROSS THE WORLD (INCLUDING SOUTH ASIA AND THE INDIAN SUBCONTINENT),2025,,Explain briefly the ecological and economic benefits of solar energy generation in India with suitable examples.
GS1,TOPIC: DISTRIBUTION OF KEY NATURAL RESOURCES ACROSS THE WORLD (INCLUDING SOUTH ASIA AND THE INDIAN SUBCONTINENT),2023,10,Why is the world today confronted with a crisis of availability of and access to freshwater resources?
GS1,TOPIC: DISTRIBUTION OF KEY NATURAL RESOURCES ACROSS THE WORLD (INCLUDING SOUTH ASIA AND THE INDIAN SUBCONTINENT),2023,15,Comment on the resource potentials of the long coastline of India and highlight the status of natural hazard preparedness in these areas.
GS1,TOPIC: DISTRIBUTION OF KEY NATURAL RESOURCES ACROSS THE WORLD (INCLUDING SOUTH ASIA AND THE INDIAN SUBCONTINENT),2022,10,Examine the potential of wind energy in India and explain the reasons for their limited spatial spread.
GS1,TOPIC: DISTRIBUTION OF KEY NATURAL RESOURCES ACROSS THE WORLD (INCLUDING SOUTH ASIA AND THE INDIAN SUBCONTINENT),2020,,India has immense potential of solar energy though there are regional variations in its developments. Elaborate.
GS1,TOPIC: DISTRIBUTION OF KEY NATURAL RESOURCES ACROSS THE WORLD (INCLUDING SOUTH ASIA AND THE INDIAN SUBCONTINENT),2019,,Can the strategy of regional-resource based manufacturing help in promoting employment in India?
GS1,TOPIC: DISTRIBUTION OF KEY NATURAL RESOURCES ACROSS THE WORLD (INCLUDING SOUTH ASIA AND THE INDIAN SUBCONTINENT),2018,,Why is India taking keen interest in resources of Arctic Region?
GS1,TOPIC: DISTRIBUTION OF KEY NATURAL RESOURCES ACROSS THE WORLD (INCLUDING SOUTH ASIA AND THE INDIAN SUBCONTINENT),2016,,The effective management of land and water resources will drastically reduce the human miseries. Explain
GS1,TOPIC: DISTRIBUTION OF KEY NATURAL RESOURCES ACROSS THE WORLD (INCLUDING SOUTH ASIA AND THE INDIAN SUBCONTINENT),2016,,South China Sea has assumed great geopolitical significance in the present context. Comment.
GS1,TOPIC: DISTRIBUTION OF KEY NATURAL RESOURCES ACROSS THE WORLD (INCLUDING SOUTH ASIA AND THE INDIAN SUBCONTINENT),2016,,"Present an account of the Indus Water Treaty and examine its ecological, economic and political implications in the context of changing bilateral relations."
GS1,TOPIC: DISTRIBUTION OF KEY NATURAL RESOURCES ACROSS THE WORLD (INCLUDING SOUTH ASIA AND THE INDIAN SUBCONTINENT),2016,,Enumerate the problems and prospects of inland water transport in India.
GS1,TOPIC: DISTRIBUTION OF KEY NATURAL RESOURCES ACROSS THE WORLD (INCLUDING SOUTH ASIA AND THE INDIAN SUBCONTINENT),2016,,In what way micro-watershed Development projects help in water conservation in drought prone and semi-arid regions of India.
GS1,TOPIC: DISTRIBUTION OF KEY NATURAL RESOURCES ACROSS THE WORLD (INCLUDING SOUTH ASIA AND THE INDIAN SUBCONTINENT),2015,,What are the economic significances of discovery of oil in Arctic Sea and its possible environmental consequences?
GS1,TOPIC: DISTRIBUTION OF KEY NATURAL RESOURCES ACROSS THE WORLD (INCLUDING SOUTH ASIA AND THE INDIAN SUBCONTINENT),2015,,India is well endowed with fresh water resources. Critically examine why it still suffers from water scarcity.
GS1,TOPIC: DISTRIBUTION OF KEY NATURAL RESOURCES ACROSS THE WORLD (INCLUDING SOUTH ASIA AND THE INDIAN SUBCONTINENT),2015,,"The states of Jammu and Kashmir, Himachal Pradesh and Uttarakhand reaching the limits of their ecological carrying capacity due to tourism. Critically evaluate."
GS1,TOPIC: DISTRIBUTION OF KEY NATURAL RESOURCES ACROSS THE WORLD (INCLUDING SOUTH ASIA AND THE INDIAN SUBCONTINENT),2014,,Critically evaluate the various resources of the oceans which can be harnessed to meet the resource crisis in the world.
GS1,TOPIC: DISTRIBUTION OF KEY NATURAL RESOURCES ACROSS THE WORLD (INCLUDING SOUTH ASIA AND THE INDIAN SUBCONTINENT),2014,,How does India see its place in the economic space of rising natural resource rich Africa?
GS1,TOPIC: DISTRIBUTION OF KEY NATURAL RESOURCES ACROSS THE WORLD (INCLUDING SOUTH ASIA AND THE INDIAN SUBCONTINENT),2013,,"With growing scarcity of fossil fuels, the atomic energy is gaining more and more significance in India. Discuss the availability of raw material required for the generation of atomic energy in India and in the world."
GS1,TOPIC: DISTRIBUTION OF KEY NATURAL RESOURCES ACROSS THE WORLD (INCLUDING SOUTH ASIA AND THE INDIAN SUBCONTINENT),2013,,"It is said the India has substantial reserves of shale oil and gas, which can feed the needs"
GS1,TOPIC: DISTRIBUTION OF KEY NATURAL RESOURCES ACROSS THE WORLD (INCLUDING SOUTH ASIA AND THE INDIAN SUBCONTINENT),2013,,"of country for quarter century. However, tapping of the resources doesn’t"
GS1,"TOPIC: FACTORS RESPONSIBLE FOR THE LOCATION OF PRIMARY, SECONDARY, AND TERTIARY SECTOR INDUSTRIES IN VARIOUS PARTS OF THE WORLD (INCLUDING INDIA)",2025,,What are non-farm primary activities? How are these activities related to physiographic features in India? Discuss with suitable examples.
GS1,"TOPIC: FACTORS RESPONSIBLE FOR THE LOCATION OF PRIMARY, SECONDARY, AND TERTIARY SECTOR INDUSTRIES IN VARIOUS PARTS OF THE WORLD (INCLUDING INDIA)",2023,15,"From being net food importer in 1960s, India has emerged as a net food exporter to the world. Provide reasons."
GS1,"TOPIC: FACTORS RESPONSIBLE FOR THE LOCATION OF PRIMARY, SECONDARY, AND TERTIARY SECTOR INDUSTRIES IN VARIOUS PARTS OF THE WORLD (INCLUDING INDIA)",2022,15,"Describing the distribution of rubber producing countries, indicate the major environmental issues faced by them."
GS1,"TOPIC: FACTORS RESPONSIBLE FOR THE LOCATION OF PRIMARY, SECONDARY, AND TERTIARY SECTOR INDUSTRIES IN VARIOUS PARTS OF THE WORLD (INCLUDING INDIA)",2022,15,Mention the significance of straits and isthmus in international trade.
GS1,"TOPIC: FACTORS RESPONSIBLE FOR THE LOCATION OF PRIMARY, SECONDARY, AND TERTIARY SECTOR INDUSTRIES IN VARIOUS PARTS OF THE WORLD (INCLUDING INDIA)",2022,15,"Elucidate the relationship between globalization and new technology in a world of scarce resources, with special reference to India."
GS1,"TOPIC: FACTORS RESPONSIBLE FOR THE LOCATION OF PRIMARY, SECONDARY, AND TERTIARY SECTOR INDUSTRIES IN VARIOUS PARTS OF THE WORLD (INCLUDING INDIA)",2020,,"Account for the present location of iron and steel industries away from the source of raw material, by giving examples."
GS1,"TOPIC: FACTORS RESPONSIBLE FOR THE LOCATION OF PRIMARY, SECONDARY, AND TERTIARY SECTOR INDUSTRIES IN VARIOUS PARTS OF THE WORLD (INCLUDING INDIA)",2019,,Discuss the factors for localization of agro-based food processing industries of North-West India.
GS1,"TOPIC: FACTORS RESPONSIBLE FOR THE LOCATION OF PRIMARY, SECONDARY, AND TERTIARY SECTOR INDUSTRIES IN VARIOUS PARTS OF THE WORLD (INCLUDING INDIA)",2018,,"Define blue revolution, explain the problems and strategies for pisciculture development in India."
GS1,"TOPIC: FACTORS RESPONSIBLE FOR THE LOCATION OF PRIMARY, SECONDARY, AND TERTIARY SECTOR INDUSTRIES IN VARIOUS PARTS OF THE WORLD (INCLUDING INDIA)",2018,,"What is the significance of Industrial Corridors in India? Identify industrial corridors, explain their main characteristics."
GS1,"TOPIC: FACTORS RESPONSIBLE FOR THE LOCATION OF PRIMARY, SECONDARY, AND TERTIARY SECTOR INDUSTRIES IN VARIOUS PARTS OF THE WORLD (INCLUDING INDIA)",2017,,"Petroleum refineries are not necessarily located nearer to crude oil producing areas, particularly in many of the developing countries. Explain its implications."
GS1,"TOPIC: FACTORS RESPONSIBLE FOR THE LOCATION OF PRIMARY, SECONDARY, AND TERTIARY SECTOR INDUSTRIES IN VARIOUS PARTS OF THE WORLD (INCLUDING INDIA)",2014,,"Whereas the British planters had developed tea gardens all along the Shivaliks and Lesser Himalayas from Assam to Himachal Pradesh, in effect they did not succeed beyond the Darjeeling area. Explain."
GS1,"TOPIC: FACTORS RESPONSIBLE FOR THE LOCATION OF PRIMARY, SECONDARY, AND TERTIARY SECTOR INDUSTRIES IN VARIOUS PARTS OF THE WORLD (INCLUDING INDIA)",2014,,Account for the change in the spatial pattern of the Iron and Steel industry in the world.
GS1,"TOPIC: FACTORS RESPONSIBLE FOR THE LOCATION OF PRIMARY, SECONDARY, AND TERTIARY SECTOR INDUSTRIES IN VARIOUS PARTS OF THE WORLD (INCLUDING INDIA)",2014,,Why did the Green Revolution in India virtually by-pass the eastern region despite fertile soil and good availability of water?
GS1,"TOPIC: FACTORS RESPONSIBLE FOR THE LOCATION OF PRIMARY, SECONDARY, AND TERTIARY SECTOR INDUSTRIES IN VARIOUS PARTS OF THE WORLD (INCLUDING INDIA)",2013,,Do you agree that there is a growing trend of opening new sugar mills in the Southern states of India? Discuss with justification
GS1,"TOPIC: FACTORS RESPONSIBLE FOR THE LOCATION OF PRIMARY, SECONDARY, AND TERTIARY SECTOR INDUSTRIES IN VARIOUS PARTS OF THE WORLD (INCLUDING INDIA)",2013,,Analyse the factors for highly decentralized cotton textile industry in India
GS2,"Indian Constitution: Historical underpinnings, evolution, features, amendments, significant provisions and basic structure",2025,,"Indian Constitution has conferred the amending power on the ordinary legislative institutions with a few procedural hurdles. In view of this statement, examine the procedural and substantive limitations on the amending power of the Parliament to change the Constitution."
GS2,"Indian Constitution: Historical underpinnings, evolution, features, amendments, significant provisions and basic structure",2023,15,The Construction of India is a living instrument with capabilities of enormous dynamism. It is a constitution made for a progressive society. Illustrate with special reference to the expanding horizons of the right to life and personal liberty.
GS2,"Indian Constitution: Historical underpinnings, evolution, features, amendments, significant provisions and basic structure",2023,15,Explain the constitutional perspectives of Gender Justice with the help of relevant Constitutional Provisions and case laws.
GS2,"Indian Constitution: Historical underpinnings, evolution, features, amendments, significant provisions and basic structure",2022,15,"Right of movement and residence throughout the territory of India are freely available to the Indian citizens, but these rights are not absolute. Comment."
GS2,"Indian Constitution: Historical underpinnings, evolution, features, amendments, significant provisions and basic structure",2021,10,Constitutional Morality is rooted in the Constitution itself and is founded on its essential facets. Explain the doctrine of Constitutional Morality with the help of relevant judicial decisions.
GS2,"Indian Constitution: Historical underpinnings, evolution, features, amendments, significant provisions and basic structure",2019,15,Parliament’s power to amend the Constitution is a limited power and it cannot be enlarged into absolute power. In the light of this statement explain whether Parliament under Article 368 of the Constitution can destroy the Basic Structure of the Constitution by expanding its amending power?
GS2,"Indian Constitution: Historical underpinnings, evolution, features, amendments, significant provisions and basic structure",2017,15,Examine the scope of Fundamental Rights in the light of the latest judgement of the Supreme Court on Right to Privacy.
GS2,"Indian Constitution: Historical underpinnings, evolution, features, amendments, significant provisions and basic structure",2016,12.5,Discuss each adjective attached to the word ‘Republic’ in the ‘Preamble’. Are they Defendable in the present circumstances?
GS2,"Indian Constitution: Historical underpinnings, evolution, features, amendments, significant provisions and basic structure",2016,12.5,"Did the Government of India Act, 1935 lay down a federal constitution? Discuss."
GS2,"Indian Constitution: Historical underpinnings, evolution, features, amendments, significant provisions and basic structure",2015,12.5,Discuss the possible factors that inhibit India from enacting for its citizen a uniform civil code as provided for in the Directive Principles of State Policy.
GS2,"Indian Constitution: Historical underpinnings, evolution, features, amendments, significant provisions and basic structure",2014,12.5,"Starting from inventing the ‘basic structure’ doctrine, the judiciary has played a highly proactive role in ensuring that India develops into a thriving democracy. In light of the statement, evaluate the role played by judicial activism in achieving the ideals of democracy."
GS2,"Indian Constitution: Historical underpinnings, evolution, features, amendments, significant provisions and basic structure",2014,12.5,What do you understand by the concept “freedom of speech and expression”? Does it cover hate speech also? Why do the films in India stand on a slightly different plane from other forms of expression? Discuss.
GS2,"Indian Constitution: Historical underpinnings, evolution, features, amendments, significant provisions and basic structure",2013,10,"Discuss Section 66A of IT Act, with reference to its alleged violation of Art 19."
GS2,"Indian Constitution: Historical underpinnings, evolution, features, amendments, significant provisions and basic structure",2013,10,The Supreme Court of India keeps a check on arbitrary power of the Parliament in amending the Constitution. Discuss critically.
GS2,"Indian Constitution: Historical underpinnings, evolution, features, amendments, significant provisions and basic structure",2014,12.5,The size of the cabinet should be as big as governmental work justifies and as big as the Prime Minister can manage as a team. How far is the efficacy of a government then inversely related to the size of the cabinet? Discuss.
GS2,"Indian Constitution: Historical underpinnings, evolution, features, amendments, significant provisions and basic structure",2013,10,"Many State Governments further bifurcate geographical administrative areas like Districts and Talukas for better governance. In light of the above, can it also be justified that more number of smaller States would bring in effective governance at State level? Discuss."
GS2,"Functions and responsibilities of the Union and the States, Issues and challenges pertaining to the federal structure",2025,,Examine the evolving pattern of Centre-State financial relations in the context of planned development in India. How far have the recent reforms impacted the fiscal federalism in India?
GS2,"Functions and responsibilities of the Union and the States, Issues and challenges pertaining to the federal structure",2023,15,Account for the legal and political factors responsible for the reduced frequency of using Article 356 by the Union Governments since mid-1990s.
GS2,"Functions and responsibilities of the Union and the States, Issues and challenges pertaining to the federal structure",2023,15,Explain the significance of the 101st Constitutional Amendment Act. To what extent does it reflect the accommodative spirit of federalism?
GS2,"Functions and responsibilities of the Union and the States, Issues and challenges pertaining to the federal structure",2022,15,"While the national political parties in India favor centralization, the regional parties are in favor of State autonomy. Comment."
GS2,"Functions and responsibilities of the Union and the States, Issues and challenges pertaining to the federal structure",2021,15,"The jurisdiction of the Central Bureau of Investigation (CBI) regarding lodging an FIR and conducting probe within a particular state is being questioned by various States. However, the power of States to withhold consent to the CBI is not absolute. Explain with special reference to the federal character of India."
GS2,"Functions and responsibilities of the Union and the States, Issues and challenges pertaining to the federal structure",2020,15,"How far do you think cooperation, competition and confrontation have shaped the nature of federation in India? Cite some recent examples to validate your answer"
GS2,"Functions and responsibilities of the Union and the States, Issues and challenges pertaining to the federal structure",2020,15,"Indian constitution exhibits centralising tendencies to maintain unity and integrity of the nation. Elucidate in the perspective of the Epidemic Diseases Act, 1897; The Disaster Management Act, 2005 And recently passed Farm Acts."
GS2,"Functions and responsibilities of the Union and the States, Issues and challenges pertaining to the federal structure",2019,10,"From the resolution of contentious issues regarding distribution of legislative powers by the courts, ‘Principle of Federal Supremacy’ and ‘Harmonious Construction’ have emerged. Explain."
GS2,"Functions and responsibilities of the Union and the States, Issues and challenges pertaining to the federal structure",2017,15,"Explain the salient features of the constitution (One Hundred and First Amendment) Act, 2016. Do you think it is efficacious enough ‘to remove cascading effect of taxes and provide for common national market for goods and services’?"
GS2,"Functions and responsibilities of the Union and the States, Issues and challenges pertaining to the federal structure",2016,12.5,"To what extent is Article 370 of the Indian Constitution, bearing marginal not “Temporary provision with respect to the State of Jammu and Kashmir”, temporary? Discuss the future prospects of this provision in the context of Indian polity."
GS2,"Functions and responsibilities of the Union and the States, Issues and challenges pertaining to the federal structure",2015,12.5,The concept of cooperative federalism has been increasingly emphasised in recent years. Highlight the drawbacks in the existing structure and the extent to which cooperative federalism would answer the shortcomings.
GS2,"Functions and responsibilities of the Union and the States, Issues and challenges pertaining to the federal structure",2014,12.5,"Though the federal principle is dominant in our Constitution and that principle is one of its basic features, but it is equally true that federalism under the Indian Constitution leans in favour of a strong Centre, a feature that militates against the concept of strong federalism. Discuss."
GS2,Devolution of powers and finances up to local levels and challenges,2023,10,The states in India seem reluctant to empower urban local bodies both functionally as well as financially. Comment.
GS2,Devolution of powers and finances up to local levels and challenges,2022,10,"To what extent, in your opinion, as the decentralization of power in India changed the governance landscape at the grassroots?"
GS2,Devolution of powers and finances up to local levels and challenges,2020,15,"The strength sustenance of local institutions in India has shifted from their formative phase of ‘Functions, Functionaries and Funds’ to the contemporary stage of ‘Functionality’. Highlight the critical challenges faced by local institutions in terms of their functionality in recent times."
GS2,Devolution of powers and finances up to local levels and challenges,2019,15,The reservation of seats for women in the institutions of local self- government has had a limited impact on the patriarchal character of the Indian Political Process. Comment.
GS2,Devolution of powers and finances up to local levels and challenges,2018,15,"Assess the importance of the Panchayat system in India as a part of local government. Apart from government grants, what sources the Panchayats can look out for financing development projects?"
GS2,Devolution of powers and finances up to local levels and challenges,2017,10,The local self-government system in India has not proved to be effective instrument of governance. Critically examine the statement and give your views to improve the situation.
GS2,Devolution of powers and finances up to local levels and challenges,2015,12.5,"In absence of well–educated and organised local level government system, ‘Panchayats’ and ‘Samitis’ have remained mainly political institutions and not effective instruments of governance. Critically discuss."
GS2,Devolution of powers and finances up to local levels and challenges,2015,12.5,"Khap panchayats have been in the news for functioning as extra–constitutional authorities, often delivering pronouncements amounting to human rights violations. Discuss critically the actions taken by the legislative, executive and the judiciary to set the things right in this regard."
GS2,"Separation of powers between various organs, dispute redressal mechanisms and institutions",2021,10,"Discuss the desirability of greater representation to women in the higher judiciary to ensure diversity, equity and inclusiveness."
GS2,"Separation of powers between various organs, dispute redressal mechanisms and institutions",2020,15,Judicial Legislation is antithetical to the doctrine of separation of powers as envisaged in the Indian Constitution. In this context justify the filing of large number of public interest petitions praying for issuing guidelines to executive authorities.
GS2,"Separation of powers between various organs, dispute redressal mechanisms and institutions",2019,10,Do you think that constitution of India does not accept principle of strict separation of powers rather it is based on the principle of ‘checks and balance’? Explain
GS2,"Separation of powers between various organs, dispute redressal mechanisms and institutions",2018,15,Whether the Supreme Court Judgment (July 2018) can settle the political tussle between the Lt. Governor and elected government of Delhi? Examine.
GS2,"Separation of powers between various organs, dispute redressal mechanisms and institutions",2016,12.5,"Discuss the essentials of the 69th Constitutional Amendment Act and anomalies, if any, that have led to recent reported conflicts between the elected representatives and institution of Lieutenant Governor in the administration of Delhi. Do you think that this will give rise to a new trend in the functioning of the Indian Federal Politics?"
GS2,"Parliament and State Legislatures – structure, functioning, conduct of business, powers & privileges and issues arising out of these",2025,,"Discuss the nature of Jammu and Kashmir Legislative Assembly after the Jammu and Kashmir Reorganization Act, 2019. Briefly describe the powers and functions of the Assembly of the Union Territory of Jammu and Kashmir."
GS2,"Parliament and State Legislatures – structure, functioning, conduct of business, powers & privileges and issues arising out of these",2023,10,Discuss the role of Presiding Officers of state legislatures in maintaining order and impartiality in conducting legislative work and in facilitating best democratic practices.
GS2,"Parliament and State Legislatures – structure, functioning, conduct of business, powers & privileges and issues arising out of these",2023,15,Explain the structure of the Parliamentary Committee system. How far have the financial committees helped in the institutionalization of Indian Parliament?
GS2,"Parliament and State Legislatures – structure, functioning, conduct of business, powers & privileges and issues arising out of these",2021,15,Do Department -related Parliamentary Standing Committees keep the administration on its toes and inspire reverence for parliamentary control? Evaluate the working of such committees with suitable examples.
GS2,"Parliament and State Legislatures – structure, functioning, conduct of business, powers & privileges and issues arising out of these",2021,15,Explain the constitutional provisions under which Legislative Councils are established. Review the working and current status of Legislative Councils with suitable illustrations.
GS2,"Parliament and State Legislatures – structure, functioning, conduct of business, powers & privileges and issues arising out of these",2021,10,"To what extent, in your view, the Parliament is able to ensure accountability of the executive in India?"
GS2,"Parliament and State Legislatures – structure, functioning, conduct of business, powers & privileges and issues arising out of these",2020,10,"Once a speaker, Always a speaker! Do you think the practice should be adopted to impart objectivity to the office of the Speaker of Lok Sabha? What could be its implications for the robust functioning of parliamentary business in India."
GS2,"Parliament and State Legislatures – structure, functioning, conduct of business, powers & privileges and issues arising out of these",2020,15,Rajya Sabha has been transformed from a ‘useless stepney tyre’ to the most useful supporting organ in past few decades. Highlight the factors as well as the areas in which this transformation could be visible.
GS2,"Parliament and State Legislatures – structure, functioning, conduct of business, powers & privileges and issues arising out of these",2019,15,"Individual Parliamentarian’s role as the national lawmaker is on a decline, which in turn, has adversely impacted the quality of debates and their outcome. Discuss."
GS2,"Parliament and State Legislatures – structure, functioning, conduct of business, powers & privileges and issues arising out of these",2018,10,"Why do you think the committees are considered to be useful for parliamentary work? Discuss, in this context, the role of the Estimates Committee."
GS2,"Parliament and State Legislatures – structure, functioning, conduct of business, powers & privileges and issues arising out of these",2017,15,"The Indian Constitution has provisions for holding a joint session of the two houses of the Parliament. Enumerate the occasions when this would normally happen and also the occasions when it cannot, with reasons thereof."
GS2,"Parliament and State Legislatures – structure, functioning, conduct of business, powers & privileges and issues arising out of these",2016,12.5,The Indian party system is passing through a phase of transition which looks to be full of contradictions and paradoxes. Discuss.
GS2,"Parliament and State Legislatures – structure, functioning, conduct of business, powers & privileges and issues arising out of these",2016,12.5,"What was held in the Coelho case? In this context, can you say that judicial review is of key importance amongst the basic features of the Constitution?"
GS2,"Parliament and State Legislatures – structure, functioning, conduct of business, powers & privileges and issues arising out of these",2014,12.5,"The ‘Powers, Privileges and Immunities of Parliament and its Members’ as envisaged in Article 105 of the Constitution leave room for a large number of un- codified and un-enumerated privileges to continue. Assess the reasons for the absence of legal codification of the ‘parliamentary privileges. How can this problem be addressed?"
GS2,"Parliament and State Legislatures – structure, functioning, conduct of business, powers & privileges and issues arising out of these",2013,10,The role of individual MPs (Members of Parliament) has diminished over the years and as a result healthy constructive debates on policy issues are not usually witnessed. How far can this be attributed to the anti-defection law which was legislated but with a different intention?
GS2,"Parliament and State Legislatures – structure, functioning, conduct of business, powers & privileges and issues arising out of these",2013,10,Constitutional mechanisms to resolve the inter-state water disputes have failed to address and solve the problems. Is the failure due to structural or process inadequacy or both? Discuss.
GS2,"Structure, organization and functioning of the Executive and the Judiciary; Ministries and Departments of the Government",2025,,Discuss the evolution of collegium system in India. Critically examine the advantages and disadvantages of the system of appointment of the Judges of the Supreme Court of India and that of the USA.
GS2,"Structure, organization and functioning of the Executive and the Judiciary; Ministries and Departments of the Government",2025,,"Constitutional morality is the fulcrum which acts as an essential check upon the high functionaries and citizens alike… In view of the above observation of the Supreme Court, explain the concept of constitutional morality and its application to ensure balance between judicial independence and judicial accountability in India."
GS2,"Structure, organization and functioning of the Executive and the Judiciary; Ministries and Departments of the Government",2025,,Comment on the need of administrative tribunals as compared to the court system. Assess the impact of the recent tribunal reforms through rationalization of tribunals made in 2021.
GS2,"Structure, organization and functioning of the Executive and the Judiciary; Ministries and Departments of the Government",2023,10,Who are entitled to receive free legal aid? Assess the role of the National Legal Services Authority (NALSA) in rendering free legal aid in India.
GS2,"Structure, organization and functioning of the Executive and the Judiciary; Ministries and Departments of the Government",2023,10,Constitutionally guaranteed judicial independence is a prerequisite of democracy. Comment.
GS2,"Structure, organization and functioning of the Executive and the Judiciary; Ministries and Departments of the Government",2022,10,The most significant achievement of modern law in India is the constitutionalization of environmental problems by the Supreme Court. Discuss this statement with the help of relevant case laws.
GS2,"Structure, organization and functioning of the Executive and the Judiciary; Ministries and Departments of the Government",2022,15,Discuss the role of the Vice –Presidents of India as the chairman of the Rajyasabha.
GS2,"Structure, organization and functioning of the Executive and the Judiciary; Ministries and Departments of the Government",2022,15,Discuss the essential conditions for exercise of the legislative powers by ne Governor. Discuss the legality of re-promulgation of ordinances by the Governor without placing them before the Legislature.
GS2,"Structure, organization and functioning of the Executive and the Judiciary; Ministries and Departments of the Government",2019,15,The Attorney-General is the chief legal adviser and lawyer of the Government of India. Discuss.
GS2,"Structure, organization and functioning of the Executive and the Judiciary; Ministries and Departments of the Government",2018,10,Under what circumstances can the Financial Emergency be proclaimed by the President of India? What consequences follow when such a declaration remain in force?
GS2,"Structure, organization and functioning of the Executive and the Judiciary; Ministries and Departments of the Government",2018,15,"How far do you agree with the view that tribunals curtail the jurisdiction of ordinary courts? In view of the above, discuss the constitutional validity and competency of the tribunals in India?"
GS2,"Structure, organization and functioning of the Executive and the Judiciary; Ministries and Departments of the Government",2017,10,"Critically examine the Supreme Court’s judgement on ‘National Judicial Appointments Commission Act, 2014’ with reference to appointment of judges of higher judiciary in India."
GS2,"Structure, organization and functioning of the Executive and the Judiciary; Ministries and Departments of the Government",2015,12.5,"Resorting to ordinances has always raised concern on violation of the spirit of separation of powers doctrine. While noting the rationales justifying the power to promulgate ordinances, analyse whether the decisions of the Supreme Court on the issue have further facilitated resorting to this power. Should the power to promulgate the ordinances be repealed?"
GS2,"Structure, organization and functioning of the Executive and the Judiciary; Ministries and Departments of the Government",2015,12.5,"What are the major changes brought in the Arbitration and Conciliation Act, 1996 through the recent Ordinance promulgated by the President? How far will it improve India’s dispute resolution mechanism? Discuss."
GS2,"Structure, organization and functioning of the Executive and the Judiciary; Ministries and Departments of the Government",2015,12.5,Does the right to clean environment entail legal regulation on burning crackers during Diwali? Discuss in the light of Article 21 of Indian Constitution and Judgement(s) of the Apex court in this regard.
GS2,"Structure, organization and functioning of the Executive and the Judiciary; Ministries and Departments of the Government",2014,12.5,Instances of President’s delay in commuting death sentences has come under public debate as denial of justice. Should there be a time limit specified for the President to accept/reject such petitions? Analyse.
GS2,Comparison of the Indian constitutional scheme with that of other countries,2025,,Compare and contrast the President’s power to pardon in India and in the USA. Are there any limits to it in both the countries? What are ‘preemptive pardons’?
GS2,Comparison of the Indian constitutional scheme with that of other countries,2023,10,Compare and contrast the British and Indian approaches to Parliamentary sovereignty.
GS2,Comparison of the Indian constitutional scheme with that of other countries,2022,15,Critically examine the procedures through which the Presidents of India and France are elected.
GS2,Comparison of the Indian constitutional scheme with that of other countries,2021,15,Analyse the distinguishing features of the notion of Equality in the Constitutions of the USA and India.
GS2,Comparison of the Indian constitutional scheme with that of other countries,2020,10,The judicial systems in India and UK seem to be converging as well as diverging in the recent times. Highlight the key points of convergence and divergence between the two nations in terms of their judicial practices.
GS2,Comparison of the Indian constitutional scheme with that of other countries,2019,10,What can France learn from the Indian Constitution’s approach to secularism?
GS2,Comparison of the Indian constitutional scheme with that of other countries,2018,15,India and USA are the two large democracies. Examine the basic tenets on which the two political systems are based.
GS2,Salient features of the Representation of People’s Act,2025,,"Discuss the ‘corrupt practices’ for the purpose of the Representation of the People Act, 1951. Analyze whether the increase in the assets of the legislators and/or their associates, disproportionate to their known sources of income, would constitute ‘undue influence’ and consequently a corrupt practice."
GS2,Salient features of the Representation of People’s Act,2020,10,There is a need for simplification of procedure for disqualification of persons found guilty of corrupt practices under the Representation of peoples Act. Comment
GS2,Salient features of the Representation of People’s Act,2019,15,"On what grounds a people’s representative can be disqualified under the Representation of People Act, 1951? Also mention the remedies available to such person against his disqualification."
GS2,Salient features of the Representation of People’s Act,2017,10,Simultaneous election to the Lok Sabha and the State Assemblies will limit the amount of time and money spent in electioneering but it will reduce the government’s accountability to the people. Discuss.
GS2,Salient features of the Representation of People’s Act,2017,15,To enhance the quality of democracy in India the Election Commission of India has proposed electoral reforms in 2016. What are the suggested reforms and how far are they significant to make democracy successful?
GS2,"Appointment to various Constitutional Posts, Powers, Functions and Responsibilities of various Constitutional Bodies.",2025,,"The Attorney General of India plays a crucial role in guiding the legal framework of the Union Government and ensuring sound governance through legal counsel. Discuss his responsibilities, rights and limitations in this regard."
GS2,"Statutory, Regulatory and various Quasi-judicial Bodies.",2025,,The National Commission for Protection of Child Rights has to address the challenges faced by children in the digital era. Examine the existing policies and suggest measures the Commission can initiate to tackle the issue.
GS2,Governance and Policy Government policies and interventions for development in various sectors and issues arising out of their design and implementation.,2023,10,The crucial aspect of development process has been the inadequate attention paid to Human Resource Development in India. Suggest measures that can address this adequacy.
GS2,Governance and Policy Government policies and interventions for development in various sectors and issues arising out of their design and implementation.,2023,15,"Development and welfare schemes for the vulnerable, by its nature, are discriminatory in approach. Do you agree? Give reasons for your answer."
GS2,Governance and Policy Government policies and interventions for development in various sectors and issues arising out of their design and implementation.,2023,15,"Skill development programs have succeed in increasing human resources supply to various sectors. In the context of the statement analyze the linkages between education, skill and employment."
GS2,Governance and Policy Government policies and interventions for development in various sectors and issues arising out of their design and implementation.,2022,10,"The Rights of Persons with Disabilities Act, 2016 remains only a legal document without intense sensitization of government functionaries and citizens regarding disability. Comment."
GS2,Governance and Policy Government policies and interventions for development in various sectors and issues arising out of their design and implementation.,2022,10,"Reforming the government delivery system through the Direct Benefit Transfer Scheme is a progressive step, but it has its limitations too. Comment."
GS2,Governance and Policy Government policies and interventions for development in various sectors and issues arising out of their design and implementation.,2022,15,"Besides the welfare schemes, India needs deft management of inflation and unemployment to serve the poor and the underprivileged sections of the society. Discuss."
GS2,Governance and Policy Government policies and interventions for development in various sectors and issues arising out of their design and implementation.,2022,15,"The Right of Children to Free and Compulsory Education Act, 2009 remains inadequate in promoting incentive-based system for children’s education without generating awareness about the importance of schooling. Analyze"
GS2,Governance and Policy Government policies and interventions for development in various sectors and issues arising out of their design and implementation.,2022,15,"Discuss the procedures to decide the disputes arising out of the election of a Member of the Parliament or State Legislature under The Representation of the People Act, 1951. What are the grounds on which the election of any returned candidate may be declared void? What remedy is available to the aggrieved party against the decision? Refer to the case laws."
GS2,Governance and Policy Government policies and interventions for development in various sectors and issues arising out of their design and implementation.,2021,10,"Besides being a moral imperative of Welfare State, primary health structure is a necessary precondition for sustainable development. Analyse."
GS2,Governance and Policy Government policies and interventions for development in various sectors and issues arising out of their design and implementation.,2019,15,"In the context of neo-liberal paradigm of development planning, multi-level planning is expected to make operations cost effective and remove many implementation blockages. Discuss."
GS2,Governance and Policy Government policies and interventions for development in various sectors and issues arising out of their design and implementation.,2018,10,Policy Contradictions among various competing sectors and stakeholders have resulted in inadequate ‘protection and prevention of degradation’ to environment. Comment with relevant illustrations.
GS2,Governance and Policy Government policies and interventions for development in various sectors and issues arising out of their design and implementation.,2016,12.5,"Has the Indian governmental system responded adequately to the demands of Liberalization, Privatization and Globalization started in 1991? What can the government do to be responsive to this important change?"
GS2,Governance and Policy Government policies and interventions for development in various sectors and issues arising out of their design and implementation.,2015,12.5,"For achieving the desired objectives, it is necessary to ensure that the regulatory institutions remain independent and autonomous. Discuss in the light of experiences in recent past."
GS2,Governance and Policy Government policies and interventions for development in various sectors and issues arising out of their design and implementation.,2014,12.5,"Two parallel run schemes of the Government, viz. the Aadhaar Card and NPR, one as voluntary and the other as compulsory, have led to debates at national levels and also litigations. On merits, discuss whether or not both schemes need run concurrently. Analyse the potential of the schemes to achieve developmental benefits and equitable growth."
GS2,Governance and Policy Government policies and interventions for development in various sectors and issues arising out of their design and implementation.,2014,12.5,"Though 100 percent FDI is already allowed in non-news media like a trade publication and general entertainment channel, the Government is mulling over the proposal for increased FDI in news media for quite some time. What difference would an increase in FDI make? Critically evaluate the pros and cons."
GS2,Governance and Policy Government policies and interventions for development in various sectors and issues arising out of their design and implementation.,2014,12.5,"The setting up of a Rail Tariff Authority to regulate fares will subject the cash strapped Indian Railways to demand subsidy for obligation to operate nonprofitable routes and services. Taking into account the experience in the power sector, discuss if the proposed reform is expected to benefit the consumers, the Indian Railways or the private container operators."
GS2,Governance and Policy Government policies and interventions for development in various sectors and issues arising out of their design and implementation.,2014,12.5,"An athlete participates in Olympics for personal triumph and nation’s glory; victors are showered with cash incentives by various agencies, on their return. Discuss the merit of state sponsored talent hunt and its cultivation as against the rationale of a reward mechanism as encouragement."
GS2,Governance and Policy Government policies and interventions for development in various sectors and issues arising out of their design and implementation.,2013,10,Recent directives from Ministry of Petroleum and Natural Gas are perceived by the ‘Nagas’ as a threat to override the exceptional status enjoyed by the State. Discuss in light of Article 371A of the Indian Constitution.
GS2,Pressure groups & formal/informal associations & their role in Polity,2025,,"What are environmental pressure groups? Discuss their role in raising awareness, influencing policies and advocating for environmental protection in India."
GS2,Pressure groups & formal/informal associations & their role in Polity,2021,10,Pressure groups play a vital role in influencing public policy making in India. Explain how the business associations contribute to public policies.
GS2,Pressure groups & formal/informal associations & their role in Polity,2019,10,What are the methods used by the Farmers organizations to influence the policy-makers in India and how effective are these methods?
GS2,Pressure groups & formal/informal associations & their role in Polity,2017,10,How do pressure groups influence Indian political process? Do you agree with this view that informal pressure groups have emerged as powerful as formal pressure groups in recent years?
GS2,Pressure groups & formal/informal associations & their role in Polity,2013,10,"Pressure group politics is sometimes seen as the informal face of politics. With regards to the above, assess the structure and functioning of pressure groups in India."
GS2,"Development processes and the development industry- the role of NGOs, SHGs, various groups and associations, donors, charities, institutional and other stakeholders",2025,,"In contemporary development models, decision-making and problem-solving responsibilities are not located close to the source of information and execution defeating the objectives of development. Critically evaluate."
GS2,"Development processes and the development industry- the role of NGOs, SHGs, various groups and associations, donors, charities, institutional and other stakeholders",2025,10,Civil Society Organizations are often perceived as being anti-State actors than nonState actors. Do you agree? Justify.
GS2,"Development processes and the development industry- the role of NGOs, SHGs, various groups and associations, donors, charities, institutional and other stakeholders",2023,15,Discuss the contribution of civil society groups for women’s effective and meaningful participation and representation in state legislatures in India.
GS2,"Development processes and the development industry- the role of NGOs, SHGs, various groups and associations, donors, charities, institutional and other stakeholders",2022,10,The Gati-Shakti Yojana needs meticulous coordination between the government and the private sector to achieve the goal of connectivity. Discuss.
GS2,"Development processes and the development industry- the role of NGOs, SHGs, various groups and associations, donors, charities, institutional and other stakeholders",2022,15,Do you agree with the view that increasing dependence on donor agencies for development reduces the importance of community participation in the development process? Justify your answer.
GS2,"Development processes and the development industry- the role of NGOs, SHGs, various groups and associations, donors, charities, institutional and other stakeholders",2021,15,Can Civil Society and Non-Governmental Organizations present an alternative model of public service delivery to benefit the common citizen. Discuss the challenges of this alternative model.
GS2,"Development processes and the development industry- the role of NGOs, SHGs, various groups and associations, donors, charities, institutional and other stakeholders",2020,15,"Micro-Finance as an anti-poverty vaccine, is aimed at asset creation and income security of the rural poor in India. Evaluate the role of Self-Help Groups in achieving the twin objectives along with empowering women in rural India."
GS2,"Development processes and the development industry- the role of NGOs, SHGs, various groups and associations, donors, charities, institutional and other stakeholders",2019,15,The need for cooperation among various service sector has been an inherent component of development discourse. Partnership bridges bring the gap among the sectors. It also sets in motion a culture of ‘Collaboration’ and ‘team spirit’. In the light of statements above examine India’s Development process.
GS2,"Development processes and the development industry- the role of NGOs, SHGs, various groups and associations, donors, charities, institutional and other stakeholders",2019,10,"Despite Consistent experience of High growth, India still goes with the lowest indicators of human development. Examine the issues that make balanced and inclusive development elusive."
GS2,"Development processes and the development industry- the role of NGOs, SHGs, various groups and associations, donors, charities, institutional and other stakeholders",2017,15,The emergence of Self Help Groups (SHGs) in contemporary times points to the slow but steady withdrawal of the state from developmental activities. Examine the role of the SHGs in developmental activities and the measures taken by the Government of India to promote the SHGs.
GS2,"Development processes and the development industry- the role of NGOs, SHGs, various groups and associations, donors, charities, institutional and other stakeholders",2016,12.5,"In the Indian governance system, the role of non-state actors has been only marginal. Critically examine this statement."
GS2,"Development processes and the development industry- the role of NGOs, SHGs, various groups and associations, donors, charities, institutional and other stakeholders",2016,12.5,Effectiveness of the government system at various levels and people’s participation in the governance system are interdependent. Discuss their relationship in the context of India.
GS2,"Development processes and the development industry- the role of NGOs, SHGs, various groups and associations, donors, charities, institutional and other stakeholders",2015,12.5,"Examine critically the recent changes in the rules governing foreign funding of NGOs under the Foreign Contribution (Regulation) Act (FCRA), 1976."
GS2,"Development processes and the development industry- the role of NGOs, SHGs, various groups and associations, donors, charities, institutional and other stakeholders",2015,12.5,"The Self Help Group (SHG) Bank Linkage Programme (SBLP), which is India’s own innovation, has proved to be one of the most effective poverty alleviation and women empowerment programmes. Elucidate."
GS2,"Development processes and the development industry- the role of NGOs, SHGs, various groups and associations, donors, charities, institutional and other stakeholders",2015,12.5,How can the role of NGOs be strengthened in India for development works relating to protection of the environment? Discuss throwing light on the major constraints.
GS2,"Development processes and the development industry- the role of NGOs, SHGs, various groups and associations, donors, charities, institutional and other stakeholders",2014,12.5,The penetration of Self Help Groups (SHGs) in rural areas in promoting participation in development programmes is facing socio-cultural hurdles. Examine.
GS2,"Development processes and the development industry- the role of NGOs, SHGs, various groups and associations, donors, charities, institutional and other stakeholders",2013,10,"The legitimacy and accountability of Self Help Groups (SHGs) and their patrons, the micro- finance outfits, need systematic assessment and scrutiny for the sustained success of the concept. Discuss."
GS2,"Important aspects of governance, transparency and accountability, e-governance- applications, Models.",2025,10,e-governance projects have a built-in bias towards technology and back-end integration than user-centric designs. Examine.
GS2,"Important aspects of governance, transparency and accountability, e-governance- applications, Models.",2023,10,"e-governance, as a critical tool of governance, has ushered in effectiveness, transparency and accountability in governments. What inadequacies hamper the enhancement of these features?"
GS2,"Important aspects of governance, transparency and accountability, e-governance- applications, Models.",2020,10,The emergence of Fourth Industrial Revolution (Digital Revolution) has initiated e-Governance as an integral part of government. Discuss.
GS2,"Important aspects of governance, transparency and accountability, e-governance- applications, Models.",2019,10,"Implementation of information and Communication Technology (ICT) based Projects / Programmes usually suffers in terms of certain vital factors. Identify these factors, and suggest measures for their effective implementation."
GS2,"Important aspects of governance, transparency and accountability, e-governance- applications, Models.",2018,10,"E-governance is not only about utilization of the power of new technology, but also much about critical importance of the ‘use value’ of information. Explain."
GS2,"Important aspects of governance, transparency and accountability, e-governance- applications, Models.",2013,10,"Electronic cash transfer system for the welfare schemes is an ambitious project to minimize corruption, eliminate wastage and facilitate reforms. Comment."
GS2,"Citizens charters, Transparency & accountability & institutional & other measures",2020,10,Recent amendments to the Right to information Act will have profound impact on the autonomy and independence of the Information Commission. Discuss
GS2,"Citizens charters, Transparency & accountability & institutional & other measures",2018,15,"The Citizen’s Charter is an ideal instrument of organizational transparency and accountability, but it has its own limitations. Identify the limitations and suggest measures for greater effectiveness of the Citizens’ Charter."
GS2,"Citizens charters, Transparency & accountability & institutional & other measures",2017,10,Discuss the role of Public Accounts Committee in establishing accountability of the government to the people.
GS2,"Citizens charters, Transparency & accountability & institutional & other measures",2015,12.5,"In the light of Satyam Scandal (2009), discuss the changes brought in corporate governance to ensure transparency, accountability."
GS2,"Citizens charters, Transparency & accountability & institutional & other measures",2015,12.5,"If amendment bill to the Whistleblowers Protection Act, 2011 tabled in the Parliament is passed, there may be no one left to protect. Critically evaluate."
GS2,"Citizens charters, Transparency & accountability & institutional & other measures",2013,10,"Though Citizens’ charters have been formulated by many public service delivery organizations, there is no corresponding improvement in the level of citizens’ satisfaction and quality of services being provided. Analyse."
GS2,Role of civil services in a democracy,2020,10,Institutional quality is crucial driver of economic performance. In this context suggest reforms in Civil Services for strengthening democracy.
GS2,Role of civil services in a democracy,2017,15,"Initially Civil Services in India were designed to achieve the goals of neutrality and effectiveness, which seems to be lacking in the present context. Do you agree with the view that drastic reforms are required in Civil Services. Comment."
GS2,Role of civil services in a democracy,2016,12.5,"In the integrity index of Transparency International, India stands very low. Discuss briefly the legal, political, social and cultural factors that have caused the decline of public morality in India."
GS2,Role of civil services in a democracy,2016,12.5,Traditional bureaucratic structure and culture have hampered the process of socio- economic development in India. Comment.
GS2,Role of civil services in a democracy,2014,12.5,Has the Cadre based Civil Services Organization been the cause of slow change in India? Critically examine.
GS2,Role of civil services in a democracy,2013,10,"A national Lokpal, however strong it may be, cannot resolve the problems of immorality in public affairs. Discuss."
GS2,Social Justice,2025,,Inequality in the ownership pattern of resources is one of the major causes of poverty. Discuss in the context of ‘paradox of poverty’.
GS2,Social Justice,2025,,Women’s social capital complements in advancing empowerment and gender equity. Explain.
GS2,Social Justice,,,"Can the vicious cycle of gender inequality, poverty and malnutrition be broken through microfinancing of women SHGs? Explain with examples."
GS2,Social Justice,2020,,"Though women in post-Independent India have excelled in various fields, the social attitude towards women and the feminist movement has been patriarchal. Apart from women education and women empowerment schemes, what interventions can help change this milieu?"
GS2,Social Justice,,,"In order to enhance the prospects of social development, sound and adequate health care policies are needed particularly in the fields of geriatric and maternal health care. Discuss."
GS2,Social Justice,2020,,National Education Policy 2020 is in conformity with the Sustainable Development Goal-4 (2030). It intends to restructure and reorient the education system in India. Critically examine the statement.
GS2,Social Justice,2019,,There is a growing divergence in the relationship between poverty and hunger in India. The shrinking of social expenditure by the government is forcing the poor to spend more on non-food essential items squeezing their food-budget – Elucidate.
GS2,Social Justice,2018,,Appropriate local community level healthcare intervention is a prerequisite to achieve ‘Health for All’ in India. Explain.
GS2,Social Justice,2018,,Multiplicity of various commissions for the vulnerable sections of the society leads to problems of overlapping jurisdiction and duplication of functions. Is it better to merge all commissions into an umbrella Human Rights Commission? Argue your case.
GS2,Social Justice,2016,,Professor Amartya Sen has advocated important reforms in the realms of primary education and primary health care. What are your suggestions to improve their status and performance?
GS2,Social Justice,2016,,"Demographic Dividend in India will remain only theoretical unless our manpower becomes more educated, aware, skilled and creative. What measures have been taken by the government to enhance the capacity of our population to be more productive and employable?"
GS2,Social Justice,2015,,The quality of higher education in India requires major improvements to make it internationally competitive. Do you think that the entry of foreign educational institutions would help improve the quality of higher and technical education in the country? Discuss.
GS2,Social Justice,2015,,Public health system has limitations in providing universal health coverage. Do you think that the private sector could help in bridging the gap? What other viable alternatives would you suggest?
GS2,Social Justice,2015,,"Though there have been several different estimates of poverty in India, all indicate reduction in poverty levels over time. Do you agree? Critically examine with reference to urban and rural poverty indicators."
GS2,Social Justice,2015,,"Should the premier institutes like IITs/IIMs be allowed to retain premier status, allowed more academic independence in designing courses and also decide mode/criteria of selection of students. Discuss in light of the growing challenges."
GS2,Social Justice,2013,,The basis of providing urban amenities in rural areas (PURA) is rooted in establishing connectivity. Comment.
GS2,Social Justice,2013,,Identify the Millennium Development Goals (MDGs) that are related to health. Discuss the success of the actions taken by the Government for achieving the same.
GS2,"Hard, Soft & Smart Power",2023,,Indian diaspora has scaled new heights in the West. Describe its economic and political benefits for India.
GS2,"Hard, Soft & Smart Power",2022,15,‘Clean energy is the order of the day’. Describe briefly India’s changing policy towards climate change in various international fora in the context of geopolitics.
GS2,"Hard, Soft & Smart Power",2020,,“Indian diaspora has a decisive role to play in the politics and economy of America and European Countries”. Comment with examples.
GS2,"Hard, Soft & Smart Power",2019,15,“The long sustained image of India as a leader of the oppressed and marginalised nations has disappeared on account of its new found role in the emerging global order.’ Elaborate
GS2,"Hard, Soft & Smart Power",2015,,Discuss the impediments India is facing in its pursuit of a permanent seat in UNSC.
GS2,International Organizations,2025,,"“The reform process in the United Nations remains unresolved, because of the delicate imbalance of East and West and entanglement of the USA vs Russo Chinese alliance.” Examine and critically evaluate the East- West Policy confrontations in this regard."
GS2,International Organizations,2023,,The expansion and strengthening of NATO and a stronger US-Europe strategic partnership works well for India.' What is your opinion about this statement? Give reasons and examples to support your answer.
GS2,International Organizations,2023,,Sea is an important Component of the Cosmos'. Discuss in the light of the above statement the role of the IMO (International Maritime Organisation) in protecting environment and enhancing maritime safety and security.
GS2,International Organizations,2020,,Critically examine the role of WHO in providing global health security during the COVID-19 Pandemic
GS2,International Organizations,2019,10,"‘Too little cash, too much politics, leave UNESCO fighting for life.’ Discuss the statement in the light of US’ withdrawal and its accusation of the cultural body as being ‘anti-Israel bias’."
GS2,International Organizations,2018,15,"What are the key areas of reform if the WTO has to survive in the present context of ‘Trade War’, especially keeping in mind the interest of India?"
GS2,International Organizations,2017,,What are the main functions of the United Nations Economic and Social Council (ECOSOC)? Explain different functional commissions attached to it.
GS2,International Organizations,2016,,“The broader aims and objectives of WTO are to manage and promote international trade in the era of globalization. But the Doha round of negotiations seem doomed due to differences between the developed and the developing countries.” Discuss in the Indian perspective.
GS2,International Organizations,2016,,What are the aims and objectives of the McBride Commission of the UNESCO? What is India’s position on these?
GS2,International Organizations,2014,,The aim of Information Technology Agreements (ITAs) is to lower all taxes and tariffs on information technology products by signatories to zero. What impact should such agreements have on India’s interests?
GS2,International Organizations,2014,,India has recently signed to become founding member of New Development Bank (NDB) and also the Asian Infrastructure Investment Bank (AIIB). How will the role of the two Banks be different? Discuss the strategic significance of these two Banks for India.
GS2,International Organizations,2014,,WTO is an important international institution where decisions taken affect countries in aprofound manner. What is the mandate of WTO and how binding are their decisions? Critically analyse India’s stand on the latest round of talks on Food security.
GS2,International Organizations,2013,,"The World Bank and the IMF, collectively known as the Bretton Woods Institutions, are the two inter-governmental pillars supporting the structure of the world’s economic and financial order. Superficially, the World Bank and the IMF exhibit many common characteristics, yet their role, functions and mandate are distinctly different. Elucidate."
GS2,Central Asia,2024,,"Critically analyse India’s evolving diplomatic, economic and strategic relations with the Central Asian Republics (CARs) highlighting their increasing significance in regional and global geopolitics"
GS2,Central Asia,2023,,Virus of Conflict is affecting the functioning of the SCO'. In the light of the above statement point out the role of India in mitigating the problems.
GS2,Central Asia,2022,15,"How will I2U2 (India, Israel, UAE and USA) grouping transform India’s position in global politics?"
GS2,Central Asia,2021,15,Critically examine the aims and objectives of SCO. what importance does it hold for India?
GS2,Central Asia,2018,10,"A number of outside powers have entrenched themselves in Central Asia, which is a zone of interest to India. Discuss the implications, in this context, of India’s joining the Ashgabat Agreement, 2018."
GS2,India's Neighbourhood,2024,,Discuss the geopolitical and geostrategic importance of Maldives for India with a focus on global trade and/energy flows. Further also discuss how this relationship affects India’s maritime security and regional stability amidst international competition?
GS2,India's Neighbourhood,2022,10,‘India is an age-old friend of Sri Lanka’. Discuss India’s role in the recent crisis in Sri Lanka in light of the preceding statement.
GS2,India's Neighbourhood,2022,15,Do you think that BIMSTEC is a parallel organisation like the SAARC? What are the similarities and dissimilarities between the two? How are Indian Foreign Policy objectives realised by forming this new organisation?
GS2,India's Neighbourhood,2017,,"‘China is using its economic relations and positive trade surplus as tools to develop potential military power status in Asia’, In the light of this statement, discuss its impact on India as her neighbour."
GS2,India's Neighbourhood,2016,,“Increasing cross-border terrorist attacks in India and growing interference in the internal affairs of several member-states by Pakistan are not conducive for the future of SAARC (South Asian Association for Regional Cooperation).” Explain with suitable examples.
GS2,India's Neighbourhood,2015,,Project ‘Mausam’ is considered a unique foreign policy initiative of Indian government to improve relationship wit its neighbours. Does the project have a strategic dimension? Discuss
GS2,India's Neighbourhood,2015,,Terrorist activities and mutual distrust have clouded India – Pakistan relations. To what extent the use of soft power like sports and cultural exchange could help generate goodwill between the two countries. Discuss with suitable examples.
GS2,India's Neighbourhood,2013,,The proposed withdrawal of International Security Assistance Force (ISAF) from Afghanistan in 2014 is fraught with major security implications for the countries of the region. Examine in light of the fact that India is faced with a plethora of challenges and needs to safeguard its own strategic interests.
GS2,India's Neighbourhood,2013,,What do you understand by ‘The String of Pearls’? How does it impact India? Briefly outline the steps taken by India to counter this.
GS2,India's Neighbourhood,2013,,The protests in Shahbag Square in Dhaka in Bangladesh reveal a fundamental split in society between the nationalists and Islamic forces. What is its significance for India?
GS2,India's Neighbourhood,2013,,Discuss the political developments in Maldives in the last two years. Should they be of any cause of concern to India?
GS2,India's Neighbourhood,2013,,"In respect of India — Sri Lanka relations, discuss how domestic factors influence foreign policy."
GS2,India's Neighbourhood,2013,,What is meant by Gujral doctrine? Does it have any relevance today? Discuss.
GS2,India- Africa,2025,,"India Africa Digital Partnership is achieving mutual respect , co development and long term institutional partnerships. Elaborate."
GS2,India- Africa,2021,10,"“If the last few decades were of Asia’s growth story, the next few are expected to be of Africa’s.” In the light of this statement, examine India’s influence in Africa in recent years."
GS2,India- Africa,2015,,Increasing interest of India in Africa has its pro and cons. Critically Examine.
GS2,India & World,2025,,"“With the waning of globalisation , post cold war world is becoming a site of sovereign nationalism.” Elucidate"
GS2,India & World,2021,10,"“The USA is facing an existential threat in the form of a China, that is much more challenging than the erstwhile Soviet Union.” Explain."
GS2,India & World,2020,,What is the significance of Indo-US deals over Indo-Russian defence deals? Discuss with reference to stability in the IndoPacific region
GS2,India & World,2019,15,"What introduces friction into the ties between India and the United States is that Washington is still unable to find for India a position in its global strategy, which would satisfy India’s national selfesteem and ambitions’. Explain with suitable examples."
GS2,Act East,2021,15,The newly tri-nation partnership AUKUS is aimed at countering China’s ambitions in the Indo-Pacific region. Is it going to supersede the existing partnerships in the region? Discuss the strength and impact of AUKUS in the present scenario.
GS2,Act East,2020,,"Quadrilateral Security Dialogue is transforming itself into a trade block from the military alliance, in present times. Discuss"
GS2,Act East,2019,10,"‘The time has come for India and Japan to build a strong contemporary relationship, one involving global and strategic partnership that will have a great significance for Asia and the world as a whole.’ Comment."
GS2,Act East,2017,,Indian Diaspora has an important role to play in South-East Asian countries’ economy and society. Appraise the role of Indian Diaspora in South- East Asia in this context
GS2,Act East,2016,,Evaluate the economic and strategic dimensions of India’s Look East Policy in the context of the post Cold War international scenario.
GS2,Act East,2014,,"With respect to the South China sea, maritime territorial disputes and rising tension affaire the need for safeguarding maritime security to ensure freedom of navigation and ever flight throughout the region. In this context, discuss the bilateral issues between India and China."
GS2,Act East,2013,,Economic ties between India and Japan while growing in the recent years are still far below their potential. Elucidate the policy constraints which are inhibiting this growth.
GS2,Look West,2025,,“Energy security constitutes the dominant kingpin of India’s foreign policy and is linked with India’s overarching influence in Middle Eastern countries.” How would you integrate energy security with foreign policy trajectories in the coming years?
GS2,Look West,2018,10,"“India’s relations with Israel have, of late, acquired a depth and diversity, which cannot be rolled back.” Discuss."
GS2,Look West,2018,15,In what ways would the ongoing US-Iran Nuclear Pact Controversy affect the national interest of India? How should India respond to its situation?
GS2,Look West,2017,,The question of India’s Energy Security constitutes the most important part of India’s economic progress. Analyze India’s energy policy cooperation with West Asian Countries.
GS1,"INDIAN CULTURE WILL COVER THE SALIENT ASPECTS OF ART FORMS, LITERATURE AND ARCHITECTURE FROM ANCIENT TO MODERN TIMES.",2024,,Underline the changes in the field of society and economy from the Rig Vedic to the later Vedic period.
GS1,"INDIAN CULTURE WILL COVER THE SALIENT ASPECTS OF ART FORMS, LITERATURE AND ARCHITECTURE FROM ANCIENT TO MODERN TIMES.",2024,,Estimate the contribution of Pallavas of Kanchi for the development of art and literature of South India.
GS1,"SALIENT FEATURES OF WORLD PHYSICAL GEOGRAPHY; IMPORTANT GEOPHYSICAL PHENOMENA (EARTHQUAKES, TSUNAMI, VOLCANOES, CYCLONES); GEOGRAPHICAL FEATURES AND LOCATION",2024,,What is sea surface temperature rise? How does it affect the formation of tropical cyclones?
GS1,URBANIZATION: PROBLEMS AND REMEDIES,2024,,Why do large cities tend to attract more migrants than smaller towns? Discuss in the light of conditions in developing countries.
GS1,"SALIENT FEATURES OF WORLD PHYSICAL GEOGRAPHY; IMPORTANT GEOPHYSICAL PHENOMENA (EARTHQUAKES, TSUNAMI, VOLCANOES, CYCLONES); GEOGRAPHICAL FEATURES AND LOCATION",2024,,What is the phenomenon of ‘cloudbursts’? Explain.
GS1,"POVERTY, POPULATION; DEVELOPMENT AND ASSOCIATED ISSUES",2024,,What is the concept of a ‘demographic winter’? Is the world moving towards such a situation? Elaborate.
GS1,ROLE OF WOMEN AND WOMEN’S ORGANISATION,2024,,"Distinguish between gender equality, gender equity and women’s empowerment. Why is it important to take gender concerns into account in programme design and implementation?"
GS1,"COMMUNALISM, REGIONALISM, SECULARISM; SOCIAL EMPOWERMENT; SALIENT FEATURES OF INDIAN SOCIETY; DIVERSITY OF INDIA;",2024,,"Intercaste marriages between castes which have socio-economic parity have increased, to some extent, but this is less true of interreligious marriages. Discuss."
GS1,"POVERTY, POPULATION; DEVELOPMENT AND ASSOCIATED ISSUES",2024,,"In dealing with socio-economic Issues of development, what kind of collaboration between government, NGOs and private sector would be most productive?"
GS1,"INDIAN CULTURE WILL COVER THE SALIENT ASPECTS OF ART FORMS, LITERATURE AND ARCHITECTURE FROM ANCIENT TO MODERN TIMES.",2024,,Though the great Cholas are no more yet their name is still remembered with great pride because of their highest achievements in the domain of art and architecture. Comment.
GS1,"HISTORY OF THE WORLD WILL INCLUDE EVENTS FROM 18TH CENTURY SUCH AS INDUSTRIAL REVOLUTION, WORLD WARS, REDRAW OF NATIONAL BOUNDARIES, COLONIZATION, DECOLONIZATION, POLITICAL PHILOSOPHIES LIKE COMMUNISM, CAPITALISM, SOCIALISM ETC.- THEIR FORMS AND EFFECT ON THE SOCIETY.",2024,,How far is it correct to say that the First World War was fought essentially for the preservation of balance of power?
GS1,"HISTORY OF THE WORLD WILL INCLUDE EVENTS FROM 18TH CENTURY SUCH AS INDUSTRIAL REVOLUTION, WORLD WARS, REDRAW OF NATIONAL BOUNDARIES, COLONIZATION, DECOLONIZATION, POLITICAL PHILOSOPHIES LIKE COMMUNISM, CAPITALISM, SOCIALISM ETC.- THEIR FORMS AND EFFECT ON THE SOCIETY.",2024,,How far was the Industrial Revolution in England responsible for the decline of handicrafts and cottage industries in India?
GS1,GEOGRAPHICAL FEATURES AND THEIR LOCATION- CHANGES IN CRITICAL GEOGRAPHICAL FEATURES (INCLUDING WATER BODIES AND ICE-CAPS) AND IN FLORA AND FAUNA AND THE EFFECTS OF SUCH CHANGES.,2024,,The groundwater potential of the gangetic valley is on a serious decline. How may it affect the food security of India?
GS1,"SALIENT FEATURES OF WORLD PHYSICAL GEOGRAPHY; IMPORTANT GEOPHYSICAL PHENOMENA (EARTHQUAKES, TSUNAMI, VOLCANOES, CYCLONES); GEOGRAPHICAL FEATURES AND LOCATION",2024,,What are aurora australis and aurora borealis? How are these triggered?
GS1,"SALIENT FEATURES OF WORLD PHYSICAL GEOGRAPHY; IMPORTANT GEOPHYSICAL PHENOMENA (EARTHQUAKES, TSUNAMI, VOLCANOES, CYCLONES); GEOGRAPHICAL FEATURES AND LOCATION",2024,,What is a twister? Why are the majority of twisters observed in areas around the Gulf of Mexico?
GS1,"COMMUNALISM, REGIONALISM, SECULARISM; SOCIAL EMPOWERMENT; SALIENT FEATURES OF INDIAN SOCIETY; DIVERSITY OF INDIA;",2024,,What is regional disparity How does it differ from diversity? How serious is the issue of regional disparity in India?
GS1,"COMMUNALISM, REGIONALISM, SECULARISM; SOCIAL EMPOWERMENT; SALIENT FEATURES OF INDIAN SOCIETY; DIVERSITY OF INDIA;",2024,,"Despite comprehensive policies for equity and social justice, underprivileged sections are not yet getting the full benefits of affirmative action envisaged by the Constitution. Comment."
GS1,TOPIC: EFFECTS OF GLOBALIZATION ON INDIAN SOCIETY,2024,,"Globalization has increased urban migration by skilled, young, unmarried women from various classes. How has this trend impacted upon their personal freedom and relationship with family?"
GS1,"COMMUNALISM, REGIONALISM, SECULARISM; SOCIAL EMPOWERMENT; SALIENT FEATURES OF INDIAN SOCIETY; DIVERSITY OF INDIA;",2024,,Critically analyse the proposition that there is a high correlation between India’s cultural diversities and socio-economic marginalities.
GS2,Salient features of the Representation of People’s Act,2024,,Examine the need for electoral reforms as suggested by various committees with particular reference to “one nation – one election” principle.
GS2,"Statutory, Regulatory and various Quasi-judicial Bodies.",2024,,Explain and distinguish between Lok Adalats And Arbitration Tribunals. Whether they entertain civil as well as criminal cases?
GS2,"Parliament and State Legislatures – structure, functioning, conduct of business, powers & privileges and issues arising out of these",2024,,The growth of cabinet system has practically resulted in the marginalisation of the parliamentary supremacy: Elucidate.
GS2,"Appointment to various Constitutional Posts, Powers, Functions and Responsibilities of various Constitutional Bodies.",2024,,The duty of the Comptroller and Auditor General is not merely to ensure the legality of expenditure but also its propriety. Comment.
GS2,Devolution of powers and finances up to local levels and challenges,2024,,Analyse the role of local bodies in providing good governance at local level and bring out the pros and cons merging the rural local bodies with the urban local bodies.
GS2,"Development processes and the development industry- the role of NGOs, SHGs, various groups and associations, donors, charities, institutional and other stakeholders",2024,,Public charitable trusts have the potential to make India’s development more inclusive as they relate to certain vital public issues. Comment.
GS2,Social Justice,2024,,"Poverty and malnutrition create a vicious cycle, adversely affecting human capital formation. What steps can be taken to break the cycle?"
GS2,Role of civil services in a democracy,2024,,The Doctrine of Democratic Governance makes it necessary that the public perception of the integrity and commitment of civil servants becomes absolutely positive. Discuss.
GS2,India & World,2024,,The West is fostering India as an alternative to reduce dependence on China’s supply chain and as a strategically to counter China’s political and economic dominance. Explain this statement with examples.
GS2,Governance and Policy Government policies and interventions for development in various sectors and issues arising out of their design and implementation.,2024,,"What are the aims and objects of recently passed and enforced, The Public Examination (Prevention of Unfair Means) Act, 2024? Whether University/State Education Board examinations, too, are covered under the Act?"
GS2,"Structure, organization and functioning of the Executive and the Judiciary; Ministries and Departments of the Government",2024,,Right to privacy is intrinsic to life and personal liberty and is inherently protected under Article 21 of the constitution. Explain. In this reference discuss the law relating to D.N.A. testing of child in the womb to establish its paternity.
GS2,"Functions and responsibilities of the Union and the States, Issues and challenges pertaining to the federal structure",2024,,What changes has the Union Government recently introduced in the domain of Centre-Stare relations? Suggest measures to be adopted to build the trust between the Centre and the States and for strengthening federalism.
GS2,"Separation of powers between various organs, dispute redressal mechanisms and institutions",2024,,"Explain the reasons for the growth of public interest litigation in India. As a result of it, has the Indian Supreme Court emerged as the world’s most powerful judiciary?"
GS2,Comparison of the Indian constitutional scheme with that of other countries,2024,,Discuss India as a secular state and compare with the secular principles of the US constitution.
GS2,"Citizens charters, Transparency & accountability & institutional & other measures",2024,,The Citizens’ charter has been a landmark initiative in ensuring citizen-centric administration. But it is yet to reach its full potential. Identify the factors hindering the realisation of its promise and suggest measures to overcome them.
GS2,Social Justice,2024,,In a crucial domain like the public healthcare system the Indian State should play a vital role to contain the adverse impact of marketisation of the system. Suggest some measures through which the State can enhance the reach of public healthcare at the grassroots level.
GS2,"Important aspects of governance, transparency and accountability, egovernance- applications, Models.",2024,,e-governance is not just about the routine application of digital technology in service delivery process. It is as much about multifarious interactions for ensuring transparency and accountability. In this context evaluate the role of the ‘Interactive Service Model’ of e-governance.
GS2,International Organizations,2024,,Terrorism has become a significant threat to global peace and security. Evaluate the effectiveness of the United Nations Security Council’s Counter Terrorism Committee (CTC and its associated bodies in addressing and mitigating this threat at the international level.
GS2,India's Neighbourhood,2024,,Discuss the geopolitical and geostrategic importance of Maldives for India with a focus on global trade and/energy flows. Further also discuss how this relationship affects India’s maritime security and regional stability amidst international competition?
GS3,Indian Economy,2025,,What are the challenges before the Indian economy when the world is moving away from free trade and multilateralism to protectionism and bilateralism? How can these challenges be met?
GS3,Indian Economy,2025,,Distinguish between the Human Development Index (HDI) and the Inequality-adjusted Human Development Index (IHDI) with special reference to India. Why is the IHDI considered a better indicator of inclusive growth?
GS3,Indian Economy,2023,10,"Faster economic growth requires increased share of the manufacturing sector in GDP, particularly of MSMEs. Comment on the present policies of the Government in this regard."
GS3,Indian Economy,2023,10,What is the status of digitalization in the Indian economy? Examine the problems faced in this regard and suggest improvements.
GS3,Employment,2023,15,Most of the unemployment in India is structural in nature. Examine the methodology adopted to compute unemployment in the country and suggest improvements.
GS3,Indian Economy,2022,10,The increase in life expectancy in the country has led to newer health challenges in the community. What are those challenges and what steps need to be taken to meet them?
GS3,Employment,2022,15,Economic growth in the recent past has been led by increase in labor activity.” Explain this statement. Suggest the growth pattern that will lead to creation of more jobs without compromising labor productivity.
GS3,Indian Economy,2020,,Explain the meaning of investment in an economy in terms of capital formation. Discuss the factors to be considered while designing a concession agreement between a public entity and a private entity.
GS3,Indian Economy,2020,,Define potential GDP and explain its determinants. What are the factors that have been inhibiting India from realizing its potential GDP
GS3,Indian Economy,2019,,Do you agree with the view that steady GDP growth and low inflation have left the Indian economy in good shape? Give reasons in support of your arguments.
GS3,Planning,2018,,How are the principles followed by the NITI Aayog different from those followed by the erstwhile Planning Commission in India?
GS3,Indian Economy,2017,,"Among several factors for India’s potential growth, savings rate is the most effective one. Do you agree? What are the other factors available for growth potential?"
GS3,Employment,2017,,Account for the failure of manufacturing sector in achieving the goal of labor-intensive exports rather than capital-intensive exports. Suggest measures for more labour-intensive rather than capital-intensive exports.
GS3,Employment,2015,,The nature of economic growth in India in described as jobless growth. Do you agree with this view? Give arguments in favour of your answer.
GS3,Indian Economy,2015,,"Craze for gold in Indians have led to a surge in import of gold in recent years and put pressure on balance of payments and external value of rupee. In view of this, examine the merits of Gold Monetization Scheme."
GS3,Employment,2015,,“Success of ‘Make in India’ programme depends on the success of ‘Skill India’ programme and radical labour reforms.” Discuss with logical arguments.
GS3,Employment,2014,,"While we found India’s demographic dividend, we ignore the dropping rates of employability. What are we missing while doing so? Where will the jobs that India desperately needs come from? Explain."
GS3,Indian Economy,2021,,Explain the difference between computing methodology of India’s Gross Domestic Product (GDP) before the year 2015 and after the year 2015.
GS3,Government Budgeting,2021,,Distinguish between Capital Budget and Revenue Budget. Explain the components of both these Budgets.
GS3,Indian Economy,2021,,Do you agree that the Indian economy has recently experienced V-shaped recovery? Give reasons in support of your answer.
GS3,Infrastructure,2021,,“Investment in Infrastructure is essential for more rapid and inclusive economic growth”. Discuss in the light of India’s experience.
GS3,Inclusive Growth,2023,15,Distinguish between ‘care economy’ and ‘monetized economy’. How can care economy be brought into monetized economy through women empowerment?
GS3,Inclusive Growth,2022,10,Is inclusive growth possible under market economy? State the significance of financial inclusion in achieving economic growth in India.
GS3,Inclusive Growth,2020,,Explain intra-generational and inter-generational issues of equity from the perspective of inclusive growth and sustainable development.
GS3,Inclusive Growth,2019,,It is argued that the strategy of inclusive growth is intended to meet the objectives of inclusiveness and sustainability together. Comment on this statement.
GS3,Inclusive Growth,2017,,What are the salient features of ‘inclusive growth’? Has India been experiencing such a growth process? Analyze and suggest measures for inclusive growth.
GS3,Inclusive Growth,2016,,Pradhan Mantri Jan-Dhan Yojana (PMJDY) is necessary for bringing unbanked to the institutional finance fold. Do you agree with this for financial inclusion of the poorer section of the Indian society? Give arguments to justify your opinion.
GS3,Inclusive Growth,2016,,Comment on the challenges for inclusive growth which include careless and useless manpower in the Indian context. Suggest measures to be taken for facing these challenges.
GS3,Inclusive Growth,2014,,"Capitalism has guided the world economy to unprecedented prosperity. However, it often encourages shortsightedness and contributes to wide disparities between the rich and the poor. In this light, would it be correct to believe and adopt capitalism driving inclusive growth in India? Discuss."
GS3,Inclusive Growth,2013,,"With a consideration towards the strategy of inclusive growth, the new companies bill, 2013 has indirectly made CSR a mandatory obligation. Discuss the challenges expected in its implementation in right earnest. Also discuss other provisions in the bill and their implications."
GS3,Government Budgeting,2025,,Explain how the Fiscal Health Index (FHI) can be used as a tool for assessing the fiscal performance of states in India. In what way would it encourage the states to adopt prudent and sustainable fiscal policies?
GS3,Government Budgeting,2020,,Explain the rationale behind the Goods and Services Tax (Compensation to States) Act of 2017. How has COVID-19 impacted the GST compensation fund and created new federal tensions?
GS3,Government Budgeting,2019,,"Enumerate the indirect taxes which have been subsumed in the Goods and Services Tax (GST) in India. Also, comment on the revenue implications of the GST introduced in India since July 2017."
GS3,Government Budgeting,2019,,The public expenditure management is a challenge to the government of India in the context of budget-making during the post-liberalization period. Clarify it.
GS3,Government Budgeting,2018,,Comment on the important changes introduced in respect of the Long-term Capital Gains Tax (LCGT) and Dividend Distribution Tax (DDT) in the Union Budget for 2018-2019.
GS3,Government Budgeting,2017,,"One of the intended objectives of Union Budget 2017-18 is to ‘transform, energize and clean India’. Analyze the measures proposed in the Budget 2017-18 to achieve the objective."
GS3,Government Budgeting,2016,,Women empowerment in India needs gender budgeting. What are the requirements and status of gender budgeting in the Indian context?
GS3,Government Budgeting,2015,,In what way could replacement of price subsidy with Direct Benefit Transfer (DBT) change the scenario of subsidies in India? Discuss.
GS3,Government Budgeting,2013,,"What are the reasons for introduction of Fiscal responsibility and Budget Management (FRBM) act, 2003? Discuss critically its salient features and their effectiveness."
GS3,Government Budgeting,2013,,"What is meaning of the term tax-expenditure? Taking housing sector as an example, discuss how it influences budgetary policies of the government."
GS3,Government Budgeting,2013,,Discussion the rationale for introducing Good and services tax in India. Bring out critically the reasons for delay in roll out for its regime.
GS3,Infrastructure,2025,,How can India achieve energy independence through clean technology by 2047? How can biotechnology play a crucial role in this endeavour?
GS3,Infrastructure,2025,,The fusion energy programme in India has steadily evolved over the past few decades. Mention India’s contributions to the international fusion energy project – International Thermonuclear Experimental Reactor (ITER). What will be the implications of the success of this project for the future of global energy?
GS3,Infrastructure,2018,,With growing energy needs should India keep on expanding its nuclear energy programme? Discuss the facts and fears associated with nuclear energy.
GS3,Infrastructure,2018,,"Access to affordable, reliable, sustainable and modern energy is the sine qua non to achieve Sustainable Development Goals (SDGs). Comment on the progress made in India in this regard."
GS3,Infrastructure,2017,,Examine the developments of Airports in India through Joint Ventures under Public- Private Partnership (PPP) model. What are the challenges faced by the authorities in this regard?
GS3,Infrastructure,2016,,What are ‘Smart Cities? Examine their relevance for urban development in India. Will it increase rural-urban differences? Give arguments for Smart Villages’ in the light of PURA and RURBAN Mission.
GS3,Infrastructure,2016,,Justify the need for FDI for the development of the Indian economy. Why there is gap between MOUs signed and actual FDIs? Suggest remedial steps to be taken for increasing actual FDIs in India.
GS3,Infrastructure,2015,,"There is a clear acknowledgement that Special Economic Zones (SEZs) are a tool of industrial development, manufacturing and exports. Recognizing this potential, the whole instrumentality of SEZs requires augmentation. Discuss the issues plaguing the success of SEZs with respect to taxation, governing laws and administration."
GS3,Infrastructure,2014,,"The right to fair compensation and transparency land acquisition, rehabilitation and resettlement act, 2013 has come into effect from 1 January 2014. What implication would it have on industrialization and agriculture in India?"
GS3,Infrastructure,2014,,National urban transport policy emphasizes on moving people instead of moving vehicles. Discuss critically the success of various strategies of the government in this regard.
GS3,Infrastructure,2014,,"Explain how private public partnership agreements, in longer gestation infrastructure projects, can transfer unsuitable liabilities to the future. What arrangements need to be put in place to ensure that successive generations’ capacities are not compromised?"
GS3,Infrastructure,2013,,Adaptation of PPP model for infrastructure development of the country has not been free from criticism. Critically discuss the pros and cons of the model.
GS3,Industrial Policy,2025,,India aims to become a semiconductor manufacturing hub. What are the challenges faced by the semiconductor industry in India? Mention the salient features of the India Semiconductor Mission.
GS3,Industrial Policy,2025,,Discuss the rationale of the Production Linked Incentive (PLI) scheme. What are its achievements? In what way can the functioning and outcomes of the scheme be improved?
GS3,Industrial Policy,2022,10,Why is Public Private Partnership (PPP) required in infrastructural projects? Examine the role of PPP model in the redevelopment of Railway Stations in India.
GS3,Industrial Policy,2018,,How would the recent phenomena of protectionism and currency manipulations in world trade affect macroeconomic stability of India?
GS3,Industrial Policy,2017,,“Industrial growth rate has lagged behind in the overall growth of Gross-Domestic- Product(GDP) in the post-reform period” Give reasons. How far the recent changes in Industrial Policy are capable of increasing the industrial growth rate?
GS3,Industrial Policy,2016,,How globalization has led to the reduction of employment in the formal sector of the Indian economy? Is increased informalization detrimental to the development of the country?
GS3,Industrial Policy,2014,,"Normally countries shift from agriculture to industry and then later to services, but India shifted directly from agriculture to services. What are the reasons for the huge growth of services vis-a-vis industry in the country? Can India become a developed country without a strong industrial base?"
GS3,Industrial Policy,2014,,Foreign direct investment in the defence sector is now said to be liberalised. What influence this is expected to have on Indian defence and economy in the short and long run?
GS3,Industrial Policy,2013,,Examine the impact of liberalization on companies owned by Indian. Are the competing with the MNCs satisfactorily?
GS3,Industrial Policy,2013,,Discuss the impact of FDI entry into multi-trade retail sector on supply chain management in commodity trade pattern of the economy.
GS3,Industrial Policy,2013,,"Though India allowed foreign direct investment (FDI) in what is called multi brand retail through joint venture route in September 2012, the FDI even after a year, has not picket up. Discuss the reasons."
GS3,Cropping Patterns and Irrigation,2025,,Elaborate the scope and significance of supply chain management of agricultural commodities in India.
GS3,Cropping Patterns and Irrigation,2025,,Explain the factors influencing the decision of the farmers on the selection of high value crops in India.
GS3,Cropping Patterns and Irrigation,2023,15,Explain the changes in cropping pattern in India in the context of changes in consumption pattern and marketing conditions.
GS3,Cropping Patterns and Irrigation,2020,,What are the major factors responsible for making rice-wheat system a success? In spite of this success how has this system become bane in India?
GS3,Cropping Patterns and Irrigation,2020,,Suggest measures to improve water storage and irrigation system to make its judicious use under depleting scenario.
GS3,Cropping Patterns and Irrigation,2019,,How can biotechnology improve the living standards of farmers?
GS3,Cropping Patterns and Irrigation,2019,,How far is the Integrated Farming System (IFS) helpful in sustaining agricultural production?
GS3,Cropping Patterns and Irrigation,2019,,Elaborate on the impact of the National Watershed Project in increasing agricultural production from water-stressed areas.
GS3,Cropping Patterns and Irrigation,2019,,How was India benefited from the contributions of Sir M. Visvesvaraya and Dr. M. S. Swaminathan in the fields of water engineering and agricultural science respectively?
GS3,Cropping Patterns and Irrigation,2018,,Sikkim is the first ‘Organic State’ in India. What are the ecological and economical benefits of Organic State?
GS3,Cropping Patterns and Irrigation,2018,,"Assess the role of National Horticulture Mission (NHM) in boosting the production, productivity and income of horticulture farms. How far has it succeeded in increasing the income of farmers?"
GS3,Cropping Patterns and Irrigation,2018,,How has the emphasis on certain crops brought about changes in cropping patterns in recent past? Elaborate the emphasis on millets production and consumption.
GS3,Cropping Patterns and Irrigation,2017,,What are the major reasons for declining rice and wheat yield in the cropping system? How crop diversification is helpful to stabilize the yield of the crop in the system?
GS3,Cropping Patterns and Irrigation,2016,,What is water-use efficiency? Describe the role of micro-irrigation in increasing the water-use efficiency.
GS3,Cropping Patterns and Irrigation,2016,,What is allelopathy? Discuss its role in major cropping systems of irrigated agriculture.
GS3,Cropping Patterns and Irrigation,2016,,"Given the vulnerability of Indian agriculture to vagaries of nature, discuss the need for crop insurance and bring out the salient features of the Pradhan Mantri Fasal Bima Yojana (PMFBY)"
GS3,Cropping Patterns and Irrigation,2021,,How did land reforms in some parts of the country help to improve the socio-economic conditions of marginal and small farmers?
GS3,Cropping Patterns and Irrigation,2021,,How and to what extent would micro-irrigation help in solving India’s water crisis?
GS3,Cropping Patterns and Irrigation,2021,,"What are the salient features of the National Food Security Act, 2013? How has the Food Security Bill helped in eliminating hunger and malnutrition in India?"
GS3,Cropping Patterns and Irrigation,2021,,What are the present challenges before crop diversification? How do emerging technologies provide an opportunity for crop diversification?
GS3,E-Technology and Technology in Agriculture,2025,,How does nanotechnology offer significant advancements in the field of agriculture? How can this technology help to uplift the socio-economic status of farmers?
GS3,E-Technology and Technology in Agriculture,2023,10,How does e-Technology help farmers in production and marketing of agricultural produce? Explain it.
GS3,E-Technology and Technology in Agriculture,2022,15,What is Integrated Farming System? How is it helpful to small and marginal farmers in India?
GS3,E-Technology and Technology in Agriculture,2017,,"Explain various types of revolutions, took place in Agriculture after Independence in India. How these revolutions have helped in poverty alleviation and food security in India?"
GS3,E-Technology and Technology in Agriculture,2015,,How can the ‘Digital India’ programme help farmers to improve farm productivity and income? What steps has the Government taken in this regard?
GS3,Food Processing,2025,,Examine the scope of the food processing industries in India. Elaborate the measures taken by the government in the food processing industries for generating employment opportunities.
GS3,Food Processing,2022,10,Elaborate the scope and significance of the food processing industry in India.
GS3,Food Processing,2022,15,What are the main bottlenecks in upstream and downstream process of marketing of agricultural products in India?
GS3,Food Processing,2020,,What are the main constraints in transport and marketing of agricultural produce in India?
GS3,Food Processing,2020,,How is science interwoven deeply with our lives? What are the striking changes in agriculture triggered off by the science-based technologies?
GS3,Food Processing,2020,,What are the challenges and opportunities of food processing sector in the country? How can income of the farmers be substantially increased by encouraging food processing?
GS3,Food Processing,2019,,Elaborate on the policy taken by the government of India to meet the challenges of the food processing sector.
GS3,Food Processing,2018,,"Examine the role of supermarkets in supply chain management of fruits, vegetables and food items. How do they eliminate number of intermediaries?"
GS3,Food Processing,2017,,What are the reasons for poor acceptance of cost-effective small processing unit? How the food processing unit will be helpful to uplift the socio-economic status of poor farmers?
GS3,Food Processing,2015,,Livestock rearing has a big potential for providing non-farm employment and income in rural areas. Discuss suggesting suitable measures to promote this sector in India.
GS3,Food Processing,2015,,"In view of the declining average size of land holdings in India which has made agriculture nonviable for a majority of farmers, should contract farming and land leasing be promoted in agriculture? Critically evaluate the pros and cons."
GS3,Food Processing,2015,,What are the impediments in marketing and supply chain management in industry in India? Can e-commerce help in overcoming these bottlenecks?
GS3,Food Processing,2014,,There is also a point of view that agriculture produce market committees (APMCs) set up under the state acts have not only impeded the development of agriculture but also have been the cause of food inflation in India. Critically examine.
GS3,Food Processing,2013,,India needs to strengthen measures to promote the pink revolution in food industry for better nutrition and health. Critically elucidate the statement.
GS3,Land Reforms,2023,10,State the objectives and measures of land reforms in India. Discuss how land ceiling policy on landholding can be considered as an effective reform under economic criteria.
GS3,Land Reforms,2016,,Discuss the role of land reforms in agricultural development. Identify the factors that were responsible for the success of land reforms in India.
GS3,Land Reforms,2013,,"Establish the relationship between land reform, agriculture productivity and elimination of poverty in Indian Economy. Discussion the difficulty in designing and implementation of the agriculture friendly land reforms in India."
GS3,Farm Subsidies and MSP,2023,15,What are the direct and indirect subsidies provided to farm sector in India? Discuss the issues raised by the World Trade Organization (WTP) in relation to agricultural subsidies.
GS3,PDS and Food Security,2022,10,What are the major challenges of Public Distribution System (PDS) in India? How can it be made effective and transparent?
GS3,PDS and Food Security,2019,,What are the reformative steps taken by the government to make food grain distribution system more effective?
GS3,Farm Subsidies and MSP,2018,,What do you mean by Minimum Support Price (MSP)? How will MSP rescue the farmers from the low-income trap?
GS3,Farm Subsidies and MSP,2017,,"How do subsidies affect the cropping pattern, crop diversity and economy of farmers? What is the significance of crop insurance, minimum support price and food processing for small and marginal farmers?"
GS3,Farm Subsidies and MSP,2014,,“In the villages itself no form of credit organisation will be suitable except the cooperative society.” – All Indian rural credit survey. Discuss this statement in the background of agriculture finance in India. What constrain and challenges do 2014 financial institutions supplying agricultural finances? How can technology be used to better reach and serve rural clients?
GS3,PDS and Food Security,2013,,Food security bill is expected to eliminate hunger and malnutrition in India. Critically discuss various apprehensions in its effective implementation along with the concerns it has generated in WTO.
GS3,Farm Subsidies and MSP,2013,,What are the different types of agriculture subsidies given to farmers at the national and state levels? Critically analyze the agriculture subsidy regime with the reference to the distortions created by it.
GS3,Disaster Management,2025,,Seawater intrusion in the coastal aquifers is a major concern in India. What are the causes of seawater intrusion and the remedial measures to combat this hazard?
GS3,Disaster Management,2023,10,"Dam failures are always catastrophic, especially on the downstream side, resulting in a colossal loss of life and property. Analyze the various causes of dam failures. Give two examples of large dam failures."
GS3,Disaster Management,2022,10,Explain the mechanism and occurrence of cloudburst in the context of the Indian subcontinent. Discuss two recent examples.
GS3,Disaster Management,2020,,Discuss the recent measures initiated in disaster management by the Government of India departing from the earlier reactive approach.
GS3,Disaster Management,2019,,Disaster preparedness is the first step in any disaster management process. Explain how hazard zonation mapping will help in disaster mitigation in the case of landslides.
GS3,Disaster Management,2019,,Vulnerability is an essential element for defining disaster impacts and its threat to people. How and in what ways can vulnerability to disasters be characterized? Discuss different types of vulnerability with reference to disasters.
GS3,Disaster Management,2018,,"Describe various measures taken in India for Disaster Risk Reduction (DRR) before and after signing ‘Sendai Framework for DRR (2015-2030)’. How is this framework different from ‘Hyogo Framework for Action, 2005?"
GS3,Disaster Management,2017,,"On December 2004, tsunami brought havoc on 14 countries including India. Discuss the factors responsible for occurrence of Tsunami and its effects on life and economy. In the light of guidelines of NDMA (2010) describe the mechanisms for preparedness to reduce the risk during such events."
GS3,Disaster Management,2016,,The frequency of urban floods due to high intensity rainfall is increasing over the years. Discussing the reasons for urban floods. highlight the mechanisms for preparedness to reduce the risk during such events.
GS3,Disaster Management,2016,,"With reference to National Disaster Management Authority (NDMA) guidelines, discuss the measures to be adopted to mitigate the impact of the recent incidents of cloudbursts in many places of Uttarakhand."
GS3,Disaster Management,2015,,"The frequency of earthquakes appears to have increased in the Indian subcontinent. However, India’s preparedness for mitigating their impact has significant gaps. Discuss various aspects."
GS3,Disaster Management,2014,,"Drought has been recognised as a disaster in view of its party expense, temporal duration, slow onset and lasting effect on various vulnerable sections. With a focus on the September 2010 guidelines from the National disaster management authority, discuss the mechanism for preparedness to deal with the El Nino and La Nina fallouts in India."
GS3,Disaster Management,2013,,"How important are vulnerability and risk assessment for pre-disaster management? As an administrator, what are key areas that you would focus in a disaster management"
GS3,Environmental Conservation,2025,,"Write a review on India’s climate commitments under the Paris Agreement (2015) and mention how these have been further strengthened in COP26 (2021). In this direction, how has the first Nationally Determined Contribution intended by India been updated in 2022?"
GS3,Environmental Conservation,2025,,Mineral resources are fundamental to the country’s economy and these are exploited by mining. Why is mining considered an environmental hazard? Explain the remedial measures required to reduce the environmental hazard due to mining.
GS3,Environmental Conservation,2025,,Examine the factors responsible for depleting groundwater in India. What are the steps taken by the government to mitigate such depletion of groundwater?
GS3,Environmental Conservation,2025,,"What is Carbon Capture, Utilization and Storage (CCUS)? What is the potential role of CCUS in tackling climate change?"
GS3,Environmental Conservation,2023,10,Discuss several ways in which microorganisms can help in meeting the current fuel shortage.
GS3,Environmental Conservation,2023,10,What is oil pollution? What are its impacts on the marine ecosystem? In what way is oil pollution particularly harmful for a country like India?
GS3,Environmental Conservation,2023,15,Comment on the National Wetland Conservation Programme initiated by the Government of India and name a few India’s wetlands of international importance included in the Ramsar Sites.
GS3,Environmental Conservation,2023,15,The Intergovernmental Panel on Climate Change (IPCC) has predicted a global sea level rise of about one meter by AD 2100. What would be its impact in India and the other countries in the Indian Ocean region?
GS3,Environmental Conservation,2022,10,"Discuss in detail the photochemical smog emphasizing its formation, effects and mitigation. Explain the 1999 Gothenburg Protocol."
GS3,Environmental Conservation,2022,15,Do you think India will meet 50 percent of its energy needs from renewable energy by 2030? Justify your answer. How will the shift of subsidies from fossil fuels to renewables help achieve the above objective? Explain.
GS3,Environmental Conservation,2022,15,"Discuss global warming and mention its effects on the global climate. Explain the control measures to bring down the level of greenhouse gases which cause global warming, in the light of the Kyoto Protocol, 1997."
GS3,Environmental Conservation,2022,15,Explain the causes and effects of coastal erosion in India. What are the available coastal management techniques for combating the hazard?
GS3,Environmental Conservation,2020,,"How does the draft Environment Impact Assessment (EIA) Notification, 2020 differ from the existing EIA Notification, 2006?"
GS3,Environmental Conservation,2020,,What are the key features of the National Clean Air Programme (NCAP) initiated by the Government of India?
GS3,Environmental Conservation,2020,,What are the salient features of the Jal Shakti Abhiyan launched by the Government of India for water conservation and water security?
GS3,Environmental Conservation,2019,,Define the concept of carrying capacity of an ecosystem as relevant to an environment. Explain how understanding this concept is vital while planning for sustainable development of a region.
GS3,Environmental Conservation,2018,,What are the impediments in disposing the huge quantities of discarded solid wastes which are continuously being generated? How do we remove safely the toxic wastes that have been accumulating in our habitable environment?
GS3,Environmental Conservation,2018,,What is wetland? Explain the Ramsar concept of ‘wise use’ in the context of wetland conservation. Cite two examples of Ramsar sites from India.
GS3,Environmental Conservation,2018,,"How does biodiversity vary in India? How is the Biological Diversity Act, 2002 helpful in conservation of flora and fauna?"
GS3,Environmental Conservation,2017,,‘Climate Change’ is a global problem. How India will be affected by climate change? How Himalayan and coastal states of India will be affected by climate change?
GS3,Environmental Conservation,2016,,Rehabilitation of human settlements is one of the important environmental impacts which always attracts controversy while planning major projects. Discuss the measures suggested for mitigation of this impact while proposing major developmental projects.
GS3,Environmental Conservation,2013,,What are the consequences of illegal mining? Discuss the ministry of environment and forests’ concept of “GO AND NO GO” zones for coal mining.
GS3,Environmental Conservation,2016,,Give an account of the current status and the targets to be achieved pertaining to renewable energy sources in the country. Discuss in brief the importance of National Programme on Light Emitting Diodes (LEDs).
GS3,Environmental Conservation,2015,,To what factors can the recent dramatic fall in equipment costs and tariff of solar energy be attributed? What implications does the trend have for the thermal power producers and the related industry?
GS3,Environmental Conservation,2014,,Should the pursuit of carbon credit and clean development mechanism set up under UNFCCC be maintained even through there has been a massive slide in the value of carbon credit? Discuss with respect to India’s energy needs for economic growth.
GS3,Environmental Conservation,2014,,Environmental impact assessment studies are increasingly undertaken before project is cleared by the government. Discuss the environmental impacts of coal- fired thermal plants located at Pitheads.
GS3,Environmental Conservation,2013,,Write a note on India’s green energy corridor to alleviate the problems of conventional energy.
GS3,Environmental Conservation,2019,,"Coastal sand mining, whether legal or illegal, poses one of the biggest threats to our environment. Analyse the impact of sand mining along the Indian coasts, citing specific examples."
GS3,Environmental Conservation,2017,,"Not many years ago, river linking was a concept but it is becoming reality in the country. Discuss the advantages of river linking and its possible impact on the environment."
GS3,Environmental Conservation,2013,,What do you understand by run of the river hydroelectricity project? How is it different from any other hydroelectricity project?
GS3,Environmental Conservation,2015,,The Namami Gange and National mission for clean Ganga (NMCG) programmes and causes of mixed results from the previous schemes. What quantum leaps can help preserve the river Ganga better than incremental inputs?
GS3,Environmental Conservation,2013,,"Enumerate the National Water Policy of India. Taking river Ganges as an example, discuss the strategies which may be adopted for river water pollution control and management. What are the legal provisions for management and handling of hazardous wastes in India?"
GS3,Environmental Conservation,2021,,"Explain the purpose of the Green Grid Initiative launched at World Leaders Summit of the COP26 UN Climate Initiative launched at World Leaders November, 2021. When was this idea first floated in the International Solar Alliance (ISA)?"
GS3,Environmental Conservation,2021,,Describe the key points of the revised Global Air Quality Guidelines (AQGs) recently released by the World Health Organisation (WHO). How are these different from its last update? In What changes in India’s National Clean Air Programme are required to achieve these revised standards?
GS3,Environmental Conservation,2021,,Discuss about the vulnerability of India to earthquake related hazards. Give examples including the salient features of major disasters caused by earthquakes in different parts of India during the last three decades.
GS3,Environmental Conservation,2021,,Describe the major outcomes of the 26th session of the Conference of the Parties (COP) to the United Nations Framework Convention on Climate Change (UNFCCC). What are the commitments made by India in this conference?
GS3,Environmental Conservation,2021,,Describe the various causes and the effects of landslides. Mention the important components of the National Landslide Risk Management Strategy.
GS3,"S&T Developments and Everyday Applications & Effects; Awareness in Fields of IT, Space, Computers, Robotics, Nanotech, Biotech, IPR Issues",2023,10,Introduce the concept of Artificial Intelligence (AI). How does AI help clinical diagnosis? Do you perceive any threat to privacy of the individual in the use of AI in the healthcare?
GS3,"S&T Developments and Everyday Applications & Effects; Awareness in Fields of IT, Space, Computers, Robotics, Nanotech, Biotech, IPR Issues",2023,15,What is the main task of India’s third moon mission which could not be achieved in its earlier mission? List the countries that have achieved this task. Introduce the subsystems in the spacecraft launched and explain the role of the ‘Virtual Launch Control Centre’ at the Vikram Sarabhai Space Centre which contributed to the successful launch from Sriharikota.
GS3,"S&T Developments and Everyday Applications & Effects; Awareness in Fields of IT, Space, Computers, Robotics, Nanotech, Biotech, IPR Issues",2022,10,"Each year a large amount of plant material, cellulose, is deposited on the surface of Planet Earth. What are the natural processes this cellulose undergoes before yielding carbon dioxide, water and other end products?"
GS3,"S&T Developments and Everyday Applications & Effects; Awareness in Fields of IT, Space, Computers, Robotics, Nanotech, Biotech, IPR Issues",2022,15,"Launched on 25th December, 2021, James Webb Space Telescope has been much in the news since then. What are its unique features which make it superior to its predecessor Space Telescopes? What are the key goals of this mission? What potential benefits does it hold for the human race?"
GS3,"S&T Developments and Everyday Applications & Effects; Awareness in Fields of IT, Space, Computers, Robotics, Nanotech, Biotech, IPR Issues",2022,15,What is the basic principle behind vaccine development? How do vaccines work? What approaches were adopted by the Indian vaccine manufacturers to produce COVID-19 vaccines?
GS3,"S&T Developments and Everyday Applications & Effects; Awareness in Fields of IT, Space, Computers, Robotics, Nanotech, Biotech, IPR Issues",2020,,What do you understand by nanotechnology and how is it helping in health sector?
GS3,"S&T Developments and Everyday Applications & Effects; Awareness in Fields of IT, Space, Computers, Robotics, Nanotech, Biotech, IPR Issues",2020,,"COVID-19 pandemic has caused unprecedented devastation worldwide. However, technological advancements are being availed readily to win over the crisis. Give an account of how technology was sought to aid management of the pandemic."
GS3,"S&T Developments and Everyday Applications & Effects; Awareness in Fields of IT, Space, Computers, Robotics, Nanotech, Biotech, IPR Issues",2020,,Describe the benefits of deriving electric energy from sunlight in contrast to the conventional energy generation. What are the initiatives offered by our Government for this purpose?
GS3,"S&T Developments and Everyday Applications & Effects; Awareness in Fields of IT, Space, Computers, Robotics, Nanotech, Biotech, IPR Issues",2018,,Why is there so much activity in the field of biotechnology in our country? How has this activity benefitted the field of biopharma?
GS3,"S&T Developments and Everyday Applications & Effects; Awareness in Fields of IT, Space, Computers, Robotics, Nanotech, Biotech, IPR Issues",2017,,"Stem cell therapy is gaining popularity in India to treat a wide variety of medical conditions including Leukemia, Thalassemia, damaged cornea and several burns. Describe briefly what stem cell therapy is and what advantages it has over other treatments?"
GS3,"S&T Developments and Everyday Applications & Effects; Awareness in Fields of IT, Space, Computers, Robotics, Nanotech, Biotech, IPR Issues",2015,,India’s Traditional Knowledge Digital Library (TKDL) which has a database containing formatted information on more than 2 million medicinal formulations is proving a powerful weapon in the country’s fight against erroneous patents. Discuss the pros and cons making this database publicly available under open-source licensing.
GS3,"S&T Developments and Everyday Applications & Effects; Awareness in Fields of IT, Space, Computers, Robotics, Nanotech, Biotech, IPR Issues",2015,,What are the areas of prohibitive labour that can be sustainably managed by robots? Discuss the initiatives that can propel research in premier research institutes for substantive and gainful innovation.
GS3,"S&T Developments and Everyday Applications & Effects; Awareness in Fields of IT, Space, Computers, Robotics, Nanotech, Biotech, IPR Issues",2014,,"In a globalized world, intellectual property rights assume significance and are a source of litigation. Broadly distinguish between the terms – copyrights, patents and trade secrets."
GS3,"S&T Developments and Everyday Applications & Effects; Awareness in Fields of IT, Space, Computers, Robotics, Nanotech, Biotech, IPR Issues",2013,,What do you understand by Umpire decision review in cricket? Discuss its various components. Explain how silicon tape on the edge of a bat may fool the system?
GS3,"S&T Developments and Everyday Applications & Effects; Awareness in Fields of IT, Space, Computers, Robotics, Nanotech, Biotech, IPR Issues",2013,,What is an FRP composite material? How are they manufactured? Discuss their applications in aviation and automobile industry
GS3,"S&T Developments and Everyday Applications & Effects; Awareness in Fields of IT, Space, Computers, Robotics, Nanotech, Biotech, IPR Issues",2013,,"Bring out the circumstances in 2005 which forced amendment to section 3(d) in the Indian Patent Law, 1970. Discuss how it has been utilized by Supreme court in its judgment rejecting Novartis patent application for “Glivec”. Discuss briefly the pros and cons of the decision."
GS3,"S&T Developments and Everyday Applications & Effects; Awareness in Fields of IT, Space, Computers, Robotics, Nanotech, Biotech, IPR Issues",2013,,How does the 3D printing technology work? List out the advantages and disadvantages of the technology.
GS3,"S&T Developments and Everyday Applications & Effects; Awareness in Fields of IT, Space, Computers, Robotics, Nanotech, Biotech, IPR Issues",2013,,What do you understand by fixed dose drug combinations (FDCs)? Discuss their merits and demerits.
GS3,Achievements of Indians in S&T; Indigenisation of Technology & Development of New Technology,2023,15,The adoption of electric vehicles is rapidly growing worldwide. How do electric vehicles contribute to reducing carbon emissions and what are the key benefits they offer compared to traditional combustion engine vehicles?
GS3,Achievements of Indians in S&T; Indigenisation of Technology & Development of New Technology,2019,,What is India’s plan to have its own space station and how will it benefit our space programme?
GS3,Achievements of Indians in S&T; Indigenisation of Technology & Development of New Technology,2019,,How is the government of India protecting traditional knowledge of medicine from patenting by pharmaceutical companies?
GS3,Achievements of Indians in S&T; Indigenisation of Technology & Development of New Technology,2018,,Discuss the work of ‘Bose-Einstein Statistics’ done by Prof. Satyendra Nath Bose and show how it revolutionized the field of Physics.
GS3,Achievements of Indians in S&T; Indigenisation of Technology & Development of New Technology,2017,,"India has achieved remarkable successes in unmanned space missions including the Chandrayaan and Mars Orbiter Mission, but has not ventured into manned space mission, both in terms of technology and logistics? Explain critically."
GS3,Achievements of Indians in S&T; Indigenisation of Technology & Development of New Technology,2017,,Give an account of the growth and development of nuclear science and technology in India. What is the advantage of fast breeder reactor programme in India?
GS3,Achievements of Indians in S&T; Indigenisation of Technology & Development of New Technology,2016,,Discuss India’s achievements in the field of Space Science and Technology. How the application of this technology has helped India in its socio-economic development?
GS3,Achievements of Indians in S&T; Indigenisation of Technology & Development of New Technology,2016,,Why is nanotechnology one of the key technologies of the 21st century? Describe the salient features of Indian Government’s Mission on Nanoscience and Technology and the scope of its application in the development process of the country.
GS3,Achievements of Indians in S&T; Indigenisation of Technology & Development of New Technology,2015,,What do you understand by ‘Standard Positioning Systems’ and ‘Protection Positioning Systems’ in the GPS era? Discuss the advantages India perceives from its ambitious IRNSS programme employing just seven satellites.
GS3,Achievements of Indians in S&T; Indigenisation of Technology & Development of New Technology,2014,,"Scientific research in Indian universities is declining, because a career in science is not as attractive as our business operations, engineering or administration, and the universities are becoming consumer oriented. Critically comment."
GS3,Achievements of Indians in S&T; Indigenisation of Technology & Development of New Technology,2014,,"Can overuse and the availability of antibiotics without doctor’s prescription, the contributors to the emergence of drug-resistant diseases in India? What are the available mechanisms for monitoring and control? Critically discuss the various issues involved."
GS3,Achievements of Indians in S&T; Indigenisation of Technology & Development of New Technology,2021,,How is S- 400 air defence system technically superior to any other system presently available in the world?
GS3,Achievements of Indians in S&T; Indigenisation of Technology & Development of New Technology,2021,,What are the research and developmental achievements in applied biotechnology? How will these achievements help to uplift the poorer sections of the society?
GS3,Achievements of Indians in S&T; Indigenisation of Technology & Development of New Technology,2021,,"The Nobel Prize in Physics of 2014 was jointly awarded to Akasaki, Amano and Nakamura for the invention of Blue LEDs in 1990s. How has this invention impacted the everyday life of human beings?"
GS3,Linkages between Development & Spread of Extremism; Linkages of Organized Crime and Terrorism,2025,,The Government of India recently stated that Left Wing Extremism (LWE) will be eliminated by 2026. What do you understand by LWE and how are the people affected by it? What measures have been taken by the government to eliminate LWE?
GS3,Linkages between Development & Spread of Extremism; Linkages of Organized Crime and Terrorism,2025,,Terrorism is a global scourge. How has it manifested in India? Elaborate with contemporary examples. What are the counter measures adopted by the State? Explain.
GS3,Linkages between Development & Spread of Extremism; Linkages of Organized Crime and Terrorism,2023,15,"Give out the major sources of terror funding in India and efforts being made to curtail these sources. In the light of this, also discuss the aim and objective of the ‘No Money for Terror [NMFT]’ Conference recently held at New Delhi in November 2022."
GS3,Linkages between Development & Spread of Extremism; Linkages of Organized Crime and Terrorism,2022,10,Discuss the types of organized crimes. Describe the linkages between terrorists and organized crime that exist at the national and transnational levels.
GS3,Linkages between Development & Spread of Extremism; Linkages of Organized Crime and Terrorism,2022,15,"Naxalism is a social, economic and developmental issue manifesting as a violent internal security threat. In this context, discuss the emerging issues and suggest a multilayered strategy to tackle the menace of Naxalism."
GS3,Linkages between Development & Spread of Extremism; Linkages of Organized Crime and Terrorism,2020,,"What are the determinants of left-wing extremism in Eastern part of India? What strategy should Government of India, civil administration and security forces adopt to counter the threat in the affected areas?"
GS3,Linkages between Development & Spread of Extremism; Linkages of Organized Crime and Terrorism,2019,,The banning of ‘Jamaat-e – Islamic’ in Jammu and Kashmir brought into focus the role of over-ground workers (OGWs) in assisting terrorist organizations. Examine the role played by OGWs in assisting terrorist organizations in insurgency affected areas. Discuss measures to neutralize the influence of OGWs.
GS3,Linkages between Development & Spread of Extremism; Linkages of Organized Crime and Terrorism,2019,,"The Indian government has recently strengthened the anti-terrorism laws by amending the unlawful activities (Prevention) Act (UAPA), 1967 and the NIA Act. Analyze the changes in the context of prevailing security environment while discussing the scope and reasons for opposing the UAPA by human rights organizations."
GS3,Linkages between Development & Spread of Extremism; Linkages of Organized Crime and Terrorism,2018,,"Left Wing Extremism (LWE) is showing a downward trend, but still affects many parts of the country. Briefly explain the Government of India’s approach to counter the challenges posed by LWE."
GS3,Linkages between Development & Spread of Extremism; Linkages of Organized Crime and Terrorism,2017,,"Mob violence is emerging as a serious law and order problem in India. By giving suitable examples, analyze the causes and consequences of such violence."
GS3,Linkages between Development & Spread of Extremism; Linkages of Organized Crime and Terrorism,2017,,The scourge of terrorism is a grave challenge to national security. What solutions do you suggest to curb this growing menace? What are the major sources of terrorist funding?
GS3,Linkages between Development & Spread of Extremism; Linkages of Organized Crime and Terrorism,2017,,The north-eastern region of India has been infested with insurgency for a very long time. Analyze the major reasons for the survival of armed insurgency in this region.
GS3,Linkages between Development & Spread of Extremism; Linkages of Organized Crime and Terrorism,2016,,“Terrorism is emerging as a competitive industry over the last few decades.” Analyze the above statement.
GS3,Linkages between Development & Spread of Extremism; Linkages of Organized Crime and Terrorism,2015,,"The persisting drives of the government for development of large industries in backward areas have resulted in isolating the tribal population and the farmers who face multiple displacements with Malkangiri and Naxalbari foci, discuss the corrective strategies needed to win the left-wing extremism (LWE) doctrine affected citizens back into the mainstream of social and economic growth."
GS3,Linkages between Development & Spread of Extremism; Linkages of Organized Crime and Terrorism,2015,,Religious indoctrination via digital media has resulted in Indian youth joining the ISIS. What is ISIS and its mission? How can ISIS be dangerous for the internal security of our country?
GS3,Linkages between Development & Spread of Extremism; Linkages of Organized Crime and Terrorism,2013,,Article 244 of Indian Constitution relates to Administration of Scheduled areas and tribal areas. Analyze the impact of non-implementation of the provisions of fifth schedule on the growth of Left-Wing Extremism.
GS3,Border Areas (Security Challenges and Management thereof); Security Forces & Agencies (Mandate); Role of External State & Non-State Actors in Creating Internal Security Challenges,2025,,Why is maritime security vital to protect India’s sea trade? Discuss maritime and coastal security challenges and the way forward.
GS3,Border Areas (Security Challenges and Management thereof); Security Forces & Agencies (Mandate); Role of External State & Non-State Actors in Creating Internal Security Challenges,2025,,What are the major challenges to internal security and peace process in the NorthEastern States? Map the various peace accords and agreements initiated by the government in the past decade.
GS3,Border Areas (Security Challenges and Management thereof); Security Forces & Agencies (Mandate); Role of External State & Non-State Actors in Creating Internal Security Challenges,2023,10,Winning of ‘Hearts and Minds’ in terrorism affected areas is an essential step in restoring the trust of the population. Discuss the measures adopted by the Government in this respect as part of the conflict resolution in Jammu and Kashmir.
GS3,Border Areas (Security Challenges and Management thereof); Security Forces & Agencies (Mandate); Role of External State & Non-State Actors in Creating Internal Security Challenges,2023,10,"The use of unmanned aerial vehicles (UAVs) by our adversaries across the borders to ferry arms/ammunitions, drugs, etc., is a serious threat to the internal security. Comment on the measures being taken to tackle this threat."
GS3,Border Areas (Security Challenges and Management thereof); Security Forces & Agencies (Mandate); Role of External State & Non-State Actors in Creating Internal Security Challenges,2023,15,What are the internal security challenges being faced by India? Give out the role of Central Intelligence and Investigative Agencies tasked to counter such threats.
GS3,Border Areas (Security Challenges and Management thereof); Security Forces & Agencies (Mandate); Role of External State & Non-State Actors in Creating Internal Security Challenges,2022,10,"What are the maritime security challenges in India? Discuss the organizational, technical and procedural initiatives taken to improve the maritime security."
GS3,Border Areas (Security Challenges and Management thereof); Security Forces & Agencies (Mandate); Role of External State & Non-State Actors in Creating Internal Security Challenges,2020,,"For effective border area management, discuss the steps required to be taken to deny local support to militants and also suggest ways to manage favourable perception among locals."
GS3,Border Areas (Security Challenges and Management thereof); Security Forces & Agencies (Mandate); Role of External State & Non-State Actors in Creating Internal Security Challenges,2020,,"Analyze internal security threats and trans-border crimes along Myanmar, Bangladesh and Pakistan borders including Line of Control (LoC). Also discuss the role played by various security forces in this regard."
GS3,Border Areas (Security Challenges and Management thereof); Security Forces & Agencies (Mandate); Role of External State & Non-State Actors in Creating Internal Security Challenges,2019,,"Cross-border movement of insurgents is only one of the several security challenges facing the policing of the border in North-East India. Examine the various challenges currently emanating across the India-Myanmar border. Also, discuss the steps to counter the challenges."
GS3,Border Areas (Security Challenges and Management thereof); Security Forces & Agencies (Mandate); Role of External State & Non-State Actors in Creating Internal Security Challenges,2018,,The China-Pakistan Economic Corridor (CPEC) is viewed as a cardinal subset of China’s larger ‘One Belt One Road’ initiative. Give a brief description of CPEC and enumerate the reasons why India has distanced itself from the same.
GS3,Border Areas (Security Challenges and Management thereof); Security Forces & Agencies (Mandate); Role of External State & Non-State Actors in Creating Internal Security Challenges,2016,,The terms ‘Hot Pursuit’ and ‘Surgical Strikes’ are often used in connection with armed action against terrorist attacks. Discuss the strategic impact of such actions.
GS3,Border Areas (Security Challenges and Management thereof); Security Forces & Agencies (Mandate); Role of External State & Non-State Actors in Creating Internal Security Challenges,2016,,Border management is a complex task due to difficult terrain and hostile relations with some countries. Elucidate the challenges and strategies for effective border management.
GS3,Border Areas (Security Challenges and Management thereof); Security Forces & Agencies (Mandate); Role of External State & Non-State Actors in Creating Internal Security Challenges,2014,,International civil aviation laws provide all countries complete and exclusive sovereignty over the airspace above the territory. What do you understand by airspace? What are the implications of these laws on the space above this airspace?
GS3,Border Areas (Security Challenges and Management thereof); Security Forces & Agencies (Mandate); Role of External State & Non-State Actors in Creating Internal Security Challenges,2014,,Discuss the challenges which this poses and suggests ways to contain the threat.
GS3,Border Areas (Security Challenges and Management thereof); Security Forces & Agencies (Mandate); Role of External State & Non-State Actors in Creating Internal Security Challenges,2014,,The diverse nature of India as a multireligious and multi-ethnic society is not immune to the impact of radicalism which has been in her neighbourhood. Discuss along with the strategies to be adopted to counter this environment.
GS3,Border Areas (Security Challenges and Management thereof); Security Forces & Agencies (Mandate); Role of External State & Non-State Actors in Creating Internal Security Challenges,2014,,"How illegal trans-border migration does pose a threat to India’s security? Discuss the strategies to curb this, bring out the factors which give impetus to such migration."
GS3,Border Areas (Security Challenges and Management thereof); Security Forces & Agencies (Mandate); Role of External State & Non-State Actors in Creating Internal Security Challenges,2014,,"In 2012, the longitudinal marking of the high-risk areas for piracy was moved from 65° East to 78° east in the Arabian Sea by International Maritime organisation. What impact does this have on India’s maritime security concerns?"
GS3,Border Areas (Security Challenges and Management thereof); Security Forces & Agencies (Mandate); Role of External State & Non-State Actors in Creating Internal Security Challenges,2014,,China and Pakistan have entered into an agreement for development of an economic corridor. What threat does it pose for India’s security? Critically examine.
GS3,Border Areas (Security Challenges and Management thereof); Security Forces & Agencies (Mandate); Role of External State & Non-State Actors in Creating Internal Security Challenges,2013,,"How far are India’s internal security challenges linked with border management, particularly in view of the long porous borders with most countries of South Asia and Myanmar?"
GS3,Border Areas (Security Challenges and Management thereof); Security Forces & Agencies (Mandate); Role of External State & Non-State Actors in Creating Internal Security Challenges,2021,,Discuss how emerging technologies and globalisation contribute to money laundering. Elaborate measures to tackle the problem of money laundering both at national and international levels.
GS3,Border Areas (Security Challenges and Management thereof); Security Forces & Agencies (Mandate); Role of External State & Non-State Actors in Creating Internal Security Challenges,2021,,"Keeping in view India’s internal security, analyse the impact of cross-border cyber attacks. Also discuss defensive measures against these sophisticated attacks."
GS3,Border Areas (Security Challenges and Management thereof); Security Forces & Agencies (Mandate); Role of External State & Non-State Actors in Creating Internal Security Challenges,2021,,"Analyse the multidimensional challenges posed by external state and non-state actors, to the internal security of India. Also discuss measures required to be taken to combat these threats."
GS3,Border Areas (Security Challenges and Management thereof); Security Forces & Agencies (Mandate); Role of External State & Non-State Actors in Creating Internal Security Challenges,2021,,"Analyse the complexity and intensity of terrorism, its causes, linkages and obnoxious nexus. Also suggest measures required to be taken to eradicate the menace of terrorism."
GS3,Money Laundering & Its Prevention,2018,,"India’s proximity to two of the world’s biggest illicit opium-growing states has enhanced her internal security concerns. Explain the linkages between drug trafficking and other illicit activities such as gunrunning, money laundering and human trafficking. What counter-measures should be taken to prevent the same?"
GS3,Money Laundering & Its Prevention,2013,,Money laundering poses a serious threat to country’s economic sovereignty. What is its significance for India and what steps are required to be taken to control this menace?
GS3,Basics of Cyber Security; Role of Media and Social-Networking Sites in Internal Security Challenges; Internal Security Challenges through Communication Networks,2022,15,"What are the different elements of cyber security? Keeping in view the challenges in cyber security, examine the extent to which India has successfully developed a comprehensive National Cyber Security Strategy."
GS3,Basics of Cyber Security; Role of Media and Social-Networking Sites in Internal Security Challenges; Internal Security Challenges through Communication Networks,2020,,Discuss different types of cybercrimes and measures required to be taken to fight the menace.
GS3,Basics of Cyber Security; Role of Media and Social-Networking Sites in Internal Security Challenges; Internal Security Challenges through Communication Networks,2019,,What is the Cyber Dome Project? Explain how it can be useful in controlling internet crimes in India.
GS3,Basics of Cyber Security; Role of Media and Social-Networking Sites in Internal Security Challenges; Internal Security Challenges through Communication Networks,2018,,"Data security has assumed significant importance in the digitized world due to rising cybercrimes. The Justice B. N. Srikrishna Committee Report addresses issues related to data security. What, in your view, are the strengths and weakness of the Report relating to protection of personal data in cyber space?"
GS3,Basics of Cyber Security; Role of Media and Social-Networking Sites in Internal Security Challenges; Internal Security Challenges through Communication Networks,2017,,Discuss the potential threats of Cyber-attack and the security framework to prevent it.
GS3,Basics of Cyber Security; Role of Media and Social-Networking Sites in Internal Security Challenges; Internal Security Challenges through Communication Networks,2016,,Use of Internet and social media by non-state actors for subversive activities is a major concern. How have these have misused in the recent past? Suggest effective guidelines to curb the above threat.
GS3,Basics of Cyber Security; Role of Media and Social-Networking Sites in Internal Security Challenges; Internal Security Challenges through Communication Networks,2015,,Discuss the advantage and security implications of cloud hosting of server vis-a-vis inhouse machine-based hosting for government businesses.
GS3,Basics of Cyber Security; Role of Media and Social-Networking Sites in Internal Security Challenges; Internal Security Challenges through Communication Networks,2015,,"Considering the threats cyberspace poses for the country, India needs a “Digital Armed Force” to prevent crimes. Critically evaluate the National Cyber Security Policy, 2013 outlining the challenges perceived in its effective implementation."
GS3,Basics of Cyber Security; Role of Media and Social-Networking Sites in Internal Security Challenges; Internal Security Challenges through Communication Networks,2013,,What is digital signature? What does its authentication mean? Give various salient built in features of a digital signature.
GS3,Basics of Cyber Security; Role of Media and Social-Networking Sites in Internal Security Challenges; Internal Security Challenges through Communication Networks,2013,,What is social networking site and what security implications do these sites present?
GS3,Basics of Cyber Security; Role of Media and Social-Networking Sites in Internal Security Challenges; Internal Security Challenges through Communication Networks,2013,,Cyber warfare is considered by some defense analysts to be a larger threat than even Al Qaeda or terrorism. What do you understand by Cyber warfare? Outline the cyber threats which India is vulnerable to and bring out the state of the country’s preparedness to deal with the same.
GS3,Security Forces and Their Mandates,,,"Human rights activists constantly highlight the view that the Armed Forces (Special Powers) Act, 1958 (AFSPA) is a draconian act leading to cases of human rights abuses by security forces. What sections of AFSPA are opposed by activists? Critically evaluate the requirement with reference to view held by apex court."
GS3,Inclusive Growth,2024,10,Examine the pattern and trend of public expenditure on social services in the post-reforms period in India. To what extent this has been in consonance with achieving the objective of inclusive growth?
GS3,Indian Economy,2024,10,What are the causes of persistent high food inflation in India? Comment on the effectiveness of the monetary policy of the RBI to control this type of inflation.
GS3,Land Reforms,2024,10,What were the factors responsible for the successful implementation of land reforms in some parts of the country? Elaborate.
GS3,Cropping Patterns and Irrigation,2024,10,Explain the role of millets for ensuring health and nutritional security in India.
GS3,"S&T Developments and Everyday Applications & Effects; Awareness in Fields of IT, Space, Computers, Robotics, Nanotech, Biotech, IPR Issues",2024,10,"What is the present world scenario of intellectual property rights with respect to life materials? Although, India is second in the world to file patents, still only a few have been commercialized. Explain the reasons behind this less commercialization."
GS3,"S&T Developments and Everyday Applications & Effects; Awareness in Fields of IT, Space, Computers, Robotics, Nanotech, Biotech, IPR Issues",2024,10,What is the technology being employed for electronic toll collection on highways? What are its advantages and limitations? What are the proposed changes that will make this process seamless? Would this transition carry any potential hazards?
GS3,Environmental Conservation,2024,10,Industrial pollution of river water is a significant environmental issue in India. Discuss the various mitigation measures to deal with this problem and also the government’s initiatives in this regard.
GS3,Environmental Conservation,2024,10,What role do Environmental NGOs and activists play in influencing Environmental Impact Assessment (EIA) outcomes for major projects in India? Cite Tour examples with all important details.
GS3,Linkages between Development & Spread of Extremism; Linkages of Organized Crime and Terrorism,2024,10,Explain how narco-terrorism has emerged as a serious threat across the country. Suggest suitable measures to counter narco-terrorism.
GS3,Basics of Cyber Security; Role of Media and Social-Networking Sites in Internal Security Challenges; Internal Security Challenges through Communication Networks,2024,10,"Describe the context and salient features of the Digital Personal Data Protection Act, 2023."
GS3,Indian Economy,2024,15,Discuss the merits and demerits of the four ‘Labour Codes’ in the context of labour market reforms in India. What has been the progress so far in this regard?
GS3,Infrastructure,2024,15,"What is the need for expanding the regional air connectivity in India? In this context, discuss the government’s UDAN Scheme and its achievements."
GS3,Cropping Patterns and Irrigation,2024,15,What are the major challenges faced by the Indian irrigation system in recent times? State the measures taken by the government for efficient irrigation management.
GS3,PDS and Food Security,2024,15,Elucidate the importance of buffer stocks for stabilizing agricultural prices in India. What are the challenges associated with the storage of buffer stock? Discuss.
GS3,Environmental Conservation,2024,15,The world is facing an acute shortage of clean and safe freshwater. What are the alternative technologies which can solve this crisis? Briefly discuss any three such technologies citing their key merits and demerits.
GS3,"S&T Developments and Everyday Applications & Effects; Awareness in Fields of IT, Space, Computers, Robotics, Nanotech, Biotech, IPR Issues",2024,15,What are asteroids? How real is the threat of them causing extinction of life? What strategies have been developed to prevent such a catastrophe?
GS3,Disaster Management,2024,15,What is disaster resilience? How is it determined? Describe various elements of a resilience framework. Also mention the global targets of Sendai Framework for Disaster Risk Reduction (2015-2030).
GS3,Disaster Management,2024,15,Flooding in urban areas is an emerging climate-induced disaster. Discuss the causes of this disaster. Mention the features of two such major floods in the last two decades in India. Describe the policies and frameworks in India that aim at tackling such floods.
GS3,Border Areas (Security Challenges and Management thereof); Security Forces & Agencies (Mandate); Role of External State & Non-State Actors in Creating Internal Security Challenges,2024,15,India has a long and troubled border with China and Pakistan fraught with contentious issues. Examine the conflicting issues and security challenges along the border. Also give out the development being undertaken in these areas under the Border Area Development Programme (BADP) and Border Infrastructure and Management (BIM) Scheme.
GS3,Basics of Cyber Security; Role of Media and Social-Networking Sites in Internal Security Challenges; Internal Security Challenges through Communication Networks,2024,15,Social media and encrypting messaging services pose a serious security challenge. What measures have been adopted at various levels to address the security implications of social media? Also suggest any other remedies to address the problem.
GS3,Indian Economy,2026,10,"What do you mean by Digital Rupee? In this context, explain the working and progress of India’s Central Bank Digital Currency (CBDC)."
GS3,Inclusive Growth,2026,10,Examine the view that financial inclusion is an integral part of social and economic inclusion in a country like India. Also throw light on the usefulness of the R.B.I.’s Financial Inclusion Index.
GS3,E-Technology and Technology in Agriculture,2026,10,Describe the various Technology Missions initiated in Indian agriculture and examine their role in food security.
GS3,E-Technology and Technology in Agriculture,2026,10,Explain the factors responsible for inefficiency of agri-produce marketing. How e-commerce helps to reduce inefficiency of agri-produce marketing? Explain.
GS3,Food Processing,2026,10,"Explain by giving two examples, how biotechnology has helped the Indian farmers in processing their perishable crops."
GS3,Achievements of Indians in S&T; Indigenisation of Technology & Development of New Technology,2026,10,"Distinguish between a Fast Breeder Reactor (FBR) and a thermal nuclear reactor. In the context of first indigenously developed prototype FBR at Kalpakkam, explain the term ‘criticality’. What are its implications for clean energy future of our country?"
GS3,Disaster Management,2026,10,"Discuss how the contradiction between ‘rapid infrastructure development’ and ‘disaster-risk reduction’ in ecologically-sensitive areas of India can be managed, with suitable examples."
GS3,Environmental Conservation,2026,10,Discuss the aim and goals of Kunming-Montreal global biodiversity framework. Mention India’s commitments and initiatives to achieve the goals and targets of this framework giving suitable examples.
GS3,Basics of Cyber Security; Role of Media and Social-Networking Sites in Internal Security Challenges; Internal Security Challenges through Communication Networks,2026,10,"Explain how fake news and disinformation pose threat to Internal Security and Public Order in Indian context? In this regard, discuss salient features of amendments in respect of Information Technology (Intermediatory Guidelines and Digital Media Ethics Code) Rules 2021."
GS3,Border Areas (Security Challenges and Management thereof); Security Forces & Agencies (Mandate); Role of External State & Non-State Actors in Creating Internal Security Challenges,2026,10,"Ladakh is strategically located between China and Pakistan. As a measure to win hearts and minds of locals, discuss the Border Area Development Programmes (BADP) by the Central Government and civic actions by the Army. Also discuss demand of promulgation of provision of the Sixth Schedule of constitution for Ladakh."
GS3,Infrastructure,2026,15,Explain the key challenges for India’s energy security. What measures do you suggest for ensuring energy security along with economic growth and sustainability?
GS3,Indian Economy,2026,15,"How are startups in India promoting entrepreneurship, innovation and employment? Discuss the global and domestic challenges in their working and suggest suitable measures to overcome these challenges."
GS3,Cropping Patterns and Irrigation,2026,15,How Indian agriculture has been transformed from food scarcity to food surplus level? Explain the various government policies implemented for diversification of Indian agriculture.
GS3,Farm Subsidies and MSP,2026,15,Discuss the different types of subsidies and supports provided by the Government of India to agricultural sector. Examine the related issues pertaining to Agreement on Agriculture of World Trade Organisation (WTO).
GS3,Achievements of Indians in S&T; Indigenisation of Technology & Development of New Technology,2026,15,Mention salient features of ‘Mission Drishti’. Discuss the imaging techniques used in the satellite launched on 3rd May 2026. Why it is being considered world’s first satellite of its kind?
GS3,"S&T Developments and Everyday Applications & Effects; Awareness in Fields of IT, Space, Computers, Robotics, Nanotech, Biotech, IPR Issues",2026,15,"What is agentic Artificial Intelligence (AI)? Explain its working. Describe its applications with suitable examples. Discuss the advantages, risks and challenges associated with agentic AI systems."
GS3,Environmental Conservation,2026,15,What are the challenges to solid waste management in India? Discuss the governmental policy framework on solid waste management. Discuss the success/failure cases of Delhi and Indore cities highlighting the salient feature of their solid waste management initiatives.
GS3,Disaster Management,2026,15,“Community participation is the cornerstone of effective disaster management”. Analyse this statement with suitable examples from India. Also discuss the challenges to community participation and measures to strengthen it.
GS3,Linkages between Development & Spread of Extremism; Linkages of Organized Crime and Terrorism,2026,15,Separatist movements have been one of the major factors contributing to militancy and instability in Jammu & Kashmir (J & K). Bring out actions taken by the Government to bring J & K into national mainstream. Discuss pre and post abrogation status of Articles 370 and 35A. Also bring out positive impacts of abrogation of both articles in mainstreaming the state.
GS3,Money Laundering & Its Prevention,2026,15,Discuss counterfeit currency and money laundering as major sources of terror funding in India. State the actions being taken at International level to check these menaces. Highlight the role of Financial Action Task Force (FATF) and methods of compliance by its member states in preventing terror funding.
GS2,Social Justice,2026,10,"Right to privacy relating to self-identity is very dear to every human being and well protected under Article 21 of the Constitution. In this context, examine the effect of the amendment in 2026, to the Transgender Persons (Protection of Rights) Act, 2019."
GS2,"Indian Constitution: Historical underpinnings, evolution, features, amendments, significant provisions and basic structure",2026,10,"“Women as a class neither belong to a minority group nor are they regarded as forming a backward class.” In the light of this statement, discuss the evolution of women’s reservation from local bodies to Parliament."
GS2,"Parliament and State Legislatures – structure, functioning, conduct of business, powers & privileges and issues arising out of these",2026,10,Examine whether the constitutional office of the Lok Sabha Speaker has become vulnerable to partisan politics under the current anti-defection regime. What institutional changes are required to ensure the neutrality of the Lok Sabha Speaker in managing a polarised House?
GS2,Salient features of the Representation of People’s Act,2026,10,Is the right to vote a fundamental right? Discuss the position of the Election Commission of India while undertaking the revision of electoral rolls. Can it also examine the question of citizenship of voters?
GS2,"Appointment to various Constitutional Posts, Powers, Functions and Responsibilities of various Constitutional Bodies.",2026,10,Do constitutional bodies like the National Commission for Scheduled Castes (NCSC) and the National Commission for Scheduled Tribes (NCST) possess adequate enforcement powers to secure substantive social equality? Suggest measures to enhance their institutional effectiveness.
GS2,Social Justice,2026,10,Does India’s tribal development policy reflect the aspirations for a socially grounded and equity-based governance? Justify your answer.
GS2,Social Justice,2026,10,"Malnutrition in India is not merely a public health concern; it is also a challenge of social equity, human development and effective welfare governance. Discuss."
GS2,Role of civil services in a democracy,2026,10,Analyse the advantages and limitations of the generalist structure of the Indian Civil Services in contemporary governance.
GS2,India & World,2026,10,“IPMDA (Indo-Pacific Partnership for Maritime Domain Awareness) bridges the gap between India’s SAGAR (Security and Growth for All in the Region) vision and the Quad’s collective Indo-Pacific strategy.” Make a critical assessment of the statement focusing on IPMDA.
GS2,International Organizations,2026,10,"“BRICS acts as a powerful counterweight in global governance, actively amplifying the voice and influence of the Global South.” Explain the role of BRICS in projecting itself as an alternative to other groupings."
GS2,"Functions and responsibilities of the Union and the States, Issues and challenges pertaining to the federal structure",2026,15,Discuss the position of the Governor in the federal polity of India. What is the nature of his power while giving assent to a bill passed by the State Legislature? Is he bound by the aid and advice of his Council of Ministers in all his functions?
GS2,"Structure, organization and functioning of the Executive and the Judiciary; Ministries and Departments of the Government",2026,15,"What is meant by judicial legislation? In this context, discuss the verdicts of the apex court allowing “passive euthanasia” and a “living will”."
GS2,"Functions and responsibilities of the Union and the States, Issues and challenges pertaining to the federal structure",2026,15,How far has the Indian federal framework been successful in accommodating regional and cultural diversities? Highlight the role of asymmetric federalism and suggest measures to make dispute resolution mechanisms more effective.
GS2,"Separation of powers between various organs, dispute redressal mechanisms and institutions",2026,15,"Examine how the separation of powers is practised in India compared to the rigid presidential model of the United States of America. In this context, compare the actual authority of the Indian Prime Minister with that of the President of the USA."
GS2,Pressure groups & formal/informal associations & their role in Polity,2026,15,"To what extent do pressure groups, social movements and corporate lobbies deepen pluralistic democracy in India by representing excluded interests? Analyse whether the growing convergence of corporate wealth and political power poses a threat to the autonomy of formal democratic institutions."
GS2,"Citizens charters, Transparency & accountability & institutional & other measures",2026,15,“Transparency and accountability in governance are not about controlling corruption but about creating the trust of stakeholders in the policy process by following the Rule of Law and Participatory Governance.” Comment.
GS2,Governance and Policy Government policies and interventions for development in various sectors and issues arising out of their design and implementation.,2026,15,Can the constitutional mandate of rights-based welfare be effectively realised in the context of non-integrated governance and minimal public investment? Examine.
GS2,Social Justice,2026,15,"Should education be treated primarily as a welfare obligation of the state or as a strategic investment for building a globally competitive, knowledge-driven nation? Critically evaluate."
GS2,India & World,2026,15,"“India’s global diaspora acts as a living bridge, as a critical economic factor and knowledge network in transforming cultural heritage into geopolitical influence and strategic leverage worldwide.” Critically examine this statement."
GS2,India's Neighbourhood,2026,15,“China’s Belt and Road Initiative (BRI) has transformed South Asia from a regional space into a theatre of great power competition.” Analyse the strategic implications of the BRI for India’s security and regional influence in South Asia.
GS1,"INDIAN CULTURE WILL COVER THE SALIENT ASPECTS OF ART FORMS, LITERATURE AND ARCHITECTURE FROM ANCIENT TO MODERN TIMES.",2026,10,Analyze the importance of Ashokan inscriptions for reconstructing Mauryan history.
GS1,"MODERN INDIAN HISTORY FROM ABOUT THE MIDDLE OF THE EIGHTEENTH CENTURY UNTIL THE PRESENT- SIGNIFICANT EVENTS, PERSONALITIES, ISSUES; THE FREEDOM STRUGGLE – ITS VARIOUS STAGES AND IMPORTANT CONTRIBUTORS / CONTRIBUTIONS FROM DIFFERENT PARTS OF THE COUNTRY.",2026,10,Discuss the impact of Macaulay’s Minute on colonial administration and education in India.
GS1,"MODERN INDIAN HISTORY FROM ABOUT THE MIDDLE OF THE EIGHTEENTH CENTURY UNTIL THE PRESENT- SIGNIFICANT EVENTS, PERSONALITIES, ISSUES; THE FREEDOM STRUGGLE – ITS VARIOUS STAGES AND IMPORTANT CONTRIBUTORS / CONTRIBUTIONS FROM DIFFERENT PARTS OF THE COUNTRY.",2026,10,The significance of the Gandhian movements lay in the masses they mobilized. Elucidate.
GS1,"SALIENT FEATURES OF WORLD PHYSICAL GEOGRAPHY; IMPORTANT GEOPHYSICAL PHENOMENA (EARTHQUAKES, TSUNAMI, VOLCANOES, CYCLONES); GEOGRAPHICAL FEATURES AND LOCATION",2026,10,What is the Fujiwhara effect? Explain its impact on the movement and intensity of tropical cyclones.
GS1,GEOGRAPHICAL FEATURES AND THEIR LOCATION- CHANGES IN CRITICAL GEOGRAPHICAL FEATURES (INCLUDING WATER BODIES AND ICE-CAPS) AND IN FLORA AND FAUNA AND THE EFFECTS OF SUCH CHANGES.,2026,10,“Tundra regions are ecologically fragile but economically important.” Examine this statement critically.
GS1,"SALIENT FEATURES OF WORLD PHYSICAL GEOGRAPHY; IMPORTANT GEOPHYSICAL PHENOMENA (EARTHQUAKES, TSUNAMI, VOLCANOES, CYCLONES); GEOGRAPHICAL FEATURES AND LOCATION",2026,10,Discuss the role of aeolian processes in desertification and land degradation.
GS1,TOPIC: DISTRIBUTION OF KEY NATURAL RESOURCES ACROSS THE WORLD (INCLUDING SOUTH ASIA AND THE INDIAN SUBCONTINENT),2026,10,“Water resources are both an asset and a source of conflict in South Asia.” Examine this statement giving examples.
GS1,"COMMUNALISM, REGIONALISM, SECULARISM; SOCIAL EMPOWERMENT; SALIENT FEATURES OF INDIAN SOCIETY; DIVERSITY OF INDIA;",2026,10,Unity in diversity remains the defining feature of Indian society despite the challenges from communalism and regionalism. Comment.
GS1,"COMMUNALISM, REGIONALISM, SECULARISM; SOCIAL EMPOWERMENT; SALIENT FEATURES OF INDIAN SOCIETY; DIVERSITY OF INDIA;",2026,10,How do you understand disability? Substantiate the need for inclusive policy framework in India in this regard.
GS1,"COMMUNALISM, REGIONALISM, SECULARISM; SOCIAL EMPOWERMENT; SALIENT FEATURES OF INDIAN SOCIETY; DIVERSITY OF INDIA;",2026,10,Do you think digital technology promotes social empowerment? Explain with examples.
GS1,"INDIAN CULTURE WILL COVER THE SALIENT ASPECTS OF ART FORMS, LITERATURE AND ARCHITECTURE FROM ANCIENT TO MODERN TIMES.",2026,15,Vijayanagara architecture exemplifies the amalgamation of traditions with contemporary practices. Elucidate with examples.
GS1,POST-INDEPENDENCE CONSOLIDATION AND REORGANIZATION WITHIN THE COUNTRY.,2026,15,Linguistic reorganization of Indian States was driven by popular pressure from below. Comment.
GS1,POST-INDEPENDENCE CONSOLIDATION AND REORGANIZATION WITHIN THE COUNTRY.,2026,15,The model of planned economy was adopted in India to address the regional imbalances left behind by colonial rule. Comment.
GS1,"SALIENT FEATURES OF WORLD PHYSICAL GEOGRAPHY; IMPORTANT GEOPHYSICAL PHENOMENA (EARTHQUAKES, TSUNAMI, VOLCANOES, CYCLONES); GEOGRAPHICAL FEATURES AND LOCATION",2026,15,"Compare the Loo, Chinook and Foehn winds with respect to their regions of prevalence, their nature and climatic impacts."
GS1,TOPIC: DISTRIBUTION OF KEY NATURAL RESOURCES ACROSS THE WORLD (INCLUDING SOUTH ASIA AND THE INDIAN SUBCONTINENT),2026,15,Analyze the role of satellite-based technologies in achieving climate-smart agriculture and food security in India.
GS1,TOPIC: DISTRIBUTION OF KEY NATURAL RESOURCES ACROSS THE WORLD (INCLUDING SOUTH ASIA AND THE INDIAN SUBCONTINENT),2026,15,“The centre of global trade is gradually shifting from the Atlantic region to the Indo-Pacific region.” Examine this statement.
GS1,GEOGRAPHICAL FEATURES AND THEIR LOCATION- CHANGES IN CRITICAL GEOGRAPHICAL FEATURES (INCLUDING WATER BODIES AND ICE-CAPS) AND IN FLORA AND FAUNA AND THE EFFECTS OF SUCH CHANGES.,2026,15,Analyze the major drivers of human-induced land-use changes in India and their geographical consequences.
GS1,URBANIZATION: PROBLEMS AND REMEDIES,2026,15,Is caste disappearing in urban India? Illustrate your answer with examples.
GS1,"POVERTY, POPULATION; DEVELOPMENT AND ASSOCIATED ISSUES",2026,15,Critically examine the challenges of demographic transition in contemporary India.
GS1,TOPIC: EFFECTS OF GLOBALIZATION ON INDIAN SOCIETY,2026,15,"Evaluate the impact of globalization on Indian youths with reference to social, political, economic and cultural spheres."
